-- MySQL dump 10.13  Distrib 8.0.28, for Win64 (x86_64)
--
-- Host: 127.0.0.1    Database: hoshi_note
-- ------------------------------------------------------
-- Server version	8.0.26

/*!40101 SET @OLD_CHARACTER_SET_CLIENT=@@CHARACTER_SET_CLIENT */;
/*!40101 SET @OLD_CHARACTER_SET_RESULTS=@@CHARACTER_SET_RESULTS */;
/*!40101 SET @OLD_COLLATION_CONNECTION=@@COLLATION_CONNECTION */;
/*!50503 SET NAMES utf8mb4 */;
/*!40103 SET @OLD_TIME_ZONE=@@TIME_ZONE */;
/*!40103 SET TIME_ZONE='+00:00' */;
/*!40014 SET @OLD_UNIQUE_CHECKS=@@UNIQUE_CHECKS, UNIQUE_CHECKS=0 */;
/*!40014 SET @OLD_FOREIGN_KEY_CHECKS=@@FOREIGN_KEY_CHECKS, FOREIGN_KEY_CHECKS=0 */;
/*!40101 SET @OLD_SQL_MODE=@@SQL_MODE, SQL_MODE='NO_AUTO_VALUE_ON_ZERO' */;
/*!40111 SET @OLD_SQL_NOTES=@@SQL_NOTES, SQL_NOTES=0 */;

--
-- Table structure for table `collaborator`
--

DROP TABLE IF EXISTS `collaborator`;
/*!40101 SET @saved_cs_client     = @@character_set_client */;
/*!50503 SET character_set_client = utf8mb4 */;
CREATE TABLE `collaborator` (
  `id` bigint NOT NULL AUTO_INCREMENT,
  `permission` varchar(255) DEFAULT NULL,
  `user` bigint DEFAULT NULL,
  PRIMARY KEY (`id`),
  KEY `idx_collaborator_user` (`user`)
) ENGINE=InnoDB DEFAULT CHARSET=utf8mb4 COLLATE=utf8mb4_0900_ai_ci;
/*!40101 SET character_set_client = @saved_cs_client */;

--
-- Dumping data for table `collaborator`
--

LOCK TABLES `collaborator` WRITE;
/*!40000 ALTER TABLE `collaborator` DISABLE KEYS */;
/*!40000 ALTER TABLE `collaborator` ENABLE KEYS */;
UNLOCK TABLES;

--
-- Table structure for table `file`
--

DROP TABLE IF EXISTS `file`;
/*!40101 SET @saved_cs_client     = @@character_set_client */;
/*!50503 SET character_set_client = utf8mb4 */;
CREATE TABLE `file` (
  `id` bigint NOT NULL AUTO_INCREMENT,
  `description` text,
  `disk` varchar(255) NOT NULL,
  `name` varchar(255) DEFAULT NULL,
  `size` bigint DEFAULT NULL,
  `uploaded_time` datetime(6) NOT NULL,
  `user_id` bigint NOT NULL,
  `content_type` varchar(255) DEFAULT NULL,
  PRIMARY KEY (`id`),
  UNIQUE KEY `UK_5q688tomv3b6ac16psulp97cm` (`disk`),
  UNIQUE KEY `idx_file_disk_unq` (`disk`)
) ENGINE=InnoDB AUTO_INCREMENT=13 DEFAULT CHARSET=utf8mb4 COLLATE=utf8mb4_0900_ai_ci;
/*!40101 SET character_set_client = @saved_cs_client */;

--
-- Dumping data for table `file`
--

LOCK TABLES `file` WRITE;
/*!40000 ALTER TABLE `file` DISABLE KEYS */;
INSERT INTO `file` VALUES (5,'123','f38a7af6-a2ad-42ba-87cc-393ee6a6d283.jpg','1_eebbecb3-6f12-4954-9e27-e4663d2907f8.jpg',186461,'2021-11-16 15:23:20.185196',1,'image/jpeg'),(6,'dfdfdfd','188b0504-8da2-434d-87f9-d7c8ed665e5a.jpg','1_eebbecb3-6f12-4954-9e27-e4663d2907f8.jpg',186461,'2021-11-16 15:26:58.918184',1,'image/jpeg'),(7,'testsete','dcda1e01-b59d-4b45-97e8-6950daf7a8c3.mp4','movie.mp4',318465,'2021-11-16 15:28:42.308457',1,'video/mp4'),(8,NULL,'a6db7494-332a-4984-a7cf-8592ce16805e.jpg','2019-03-28 00h-11.jpg',522109,'2021-11-16 19:54:19.722574',1,'image/jpeg'),(9,NULL,'c101696e-1dcf-438d-a8fa-4bba75cbe600.jpg','2019-03-28 00h-13.jpg',395068,'2021-11-16 19:55:17.507136',1,'image/jpeg'),(11,NULL,'829e9d06-46fa-4e6d-aa62-e6093d52687a.png','avatar-full.png',179248,'2021-11-18 17:23:31.133296',1,'image/png'),(12,NULL,'fd91ea37-7ada-47fd-bd4f-1a152803519b.jpg','2019-03-28 00h-8.jpg',549009,'2021-11-27 15:24:33.763230',1,'image/jpeg');
/*!40000 ALTER TABLE `file` ENABLE KEYS */;
UNLOCK TABLES;

--
-- Table structure for table `follow`
--

DROP TABLE IF EXISTS `follow`;
/*!40101 SET @saved_cs_client     = @@character_set_client */;
/*!50503 SET character_set_client = utf8mb4 */;
CREATE TABLE `follow` (
  `id` bigint NOT NULL AUTO_INCREMENT,
  `following_id` bigint DEFAULT NULL,
  `user_id` bigint DEFAULT NULL,
  PRIMARY KEY (`id`),
  KEY `FKqme6uru2g9wx9iysttk542esm` (`following_id`),
  KEY `FKjby6aprc2rh3sxi3qu46jb22q` (`user_id`),
  CONSTRAINT `FKjby6aprc2rh3sxi3qu46jb22q` FOREIGN KEY (`user_id`) REFERENCES `user` (`id`),
  CONSTRAINT `FKqme6uru2g9wx9iysttk542esm` FOREIGN KEY (`following_id`) REFERENCES `user` (`id`)
) ENGINE=InnoDB AUTO_INCREMENT=3 DEFAULT CHARSET=utf8mb4 COLLATE=utf8mb4_0900_ai_ci;
/*!40101 SET character_set_client = @saved_cs_client */;

--
-- Dumping data for table `follow`
--

LOCK TABLES `follow` WRITE;
/*!40000 ALTER TABLE `follow` DISABLE KEYS */;
INSERT INTO `follow` VALUES (2,2,1);
/*!40000 ALTER TABLE `follow` ENABLE KEYS */;
UNLOCK TABLES;

--
-- Table structure for table `note`
--

DROP TABLE IF EXISTS `note`;
/*!40101 SET @saved_cs_client     = @@character_set_client */;
/*!50503 SET character_set_client = utf8mb4 */;
CREATE TABLE `note` (
  `id` varchar(255) NOT NULL,
  `attributes` text,
  `content` longtext,
  `created_time` datetime(6) NOT NULL,
  `name` varchar(255) NOT NULL,
  `status` varchar(255) DEFAULT NULL,
  `updated_time` datetime(6) NOT NULL,
  `version` bigint NOT NULL,
  `parent_id` varchar(255) DEFAULT NULL,
  `workspace_id` varchar(255) DEFAULT NULL,
  `icon` varchar(255) DEFAULT NULL,
  `share` bit(1) NOT NULL,
  PRIMARY KEY (`id`),
  KEY `FKdenwvx1lpx4tcd91ip240bgmx` (`parent_id`),
  KEY `FKbimibxiwhyjg7gxdcm1fp81lk` (`workspace_id`),
  KEY `idx_note_name` (`name`),
  KEY `idx_note_status` (`status`),
  CONSTRAINT `FKbimibxiwhyjg7gxdcm1fp81lk` FOREIGN KEY (`workspace_id`) REFERENCES `workspace` (`id`),
  CONSTRAINT `FKdenwvx1lpx4tcd91ip240bgmx` FOREIGN KEY (`parent_id`) REFERENCES `note` (`id`)
) ENGINE=InnoDB DEFAULT CHARSET=utf8mb4 COLLATE=utf8mb4_0900_ai_ci;
/*!40101 SET character_set_client = @saved_cs_client */;

--
-- Dumping data for table `note`
--

LOCK TABLES `note` WRITE;
/*!40000 ALTER TABLE `note` DISABLE KEYS */;
INSERT INTO `note` VALUES ('6198b69224aca403e08fdf2b',NULL,NULL,'2021-11-20 16:49:22.489300','Test1','NORMAL','2021-11-25 23:46:02.274841',2,NULL,'6198b5c924acf04488e0db51','grinning',_binary '\0'),('6198b69924aca403e08fdf2c',NULL,NULL,'2021-11-20 16:49:29.304340','Test2','NORMAL','2021-11-20 16:49:29.304340',1,'6198b69224aca403e08fdf2b','6198b5c924acf04488e0db51','innocent',_binary '\0'),('619c9c4466c9af200ea643dd','{\"cover\":\"https://images.pexels.com/photos/10293189/pexels-photo-10293189.jpeg\"}','{\"type\":\"doc\",\"content\":[{\"type\":\"paragraph\",\"content\":[{\"type\":\"text\",\"text\":\"dd\"}]},{\"type\":\"paragraph\",\"content\":[{\"type\":\"mathInline\",\"attrs\":{\"value\":\"E = mc^2\"}}]},{\"type\":\"mathBlock\",\"content\":[{\"type\":\"text\",\"text\":\"E=mc^2\"}]}]}','2021-11-23 15:46:12.503392','新页面','NORMAL','2021-11-29 16:47:30.602174',70,NULL,'6196408307fab40ae1d69322','grinning',_binary ''),('619c9e2966c967bc4ff2dbb3',NULL,NULL,'2021-11-23 15:54:17.090999','新页面','NORMAL','2021-11-25 16:31:42.126441',3,'619c9c4466c9af200ea643dd','6196408307fab40ae1d69322',NULL,_binary ''),('619ca52066c967bc4ff2dbba','{\"cover\":\"https://ixk.me/bg.jpg\"}',NULL,'2021-11-23 16:24:00.950128','新页面','NORMAL','2021-11-27 16:20:56.354308',8,NULL,'6196408307fab40ae1d69322','joy',_binary '\0'),('619ca59666c967bc4ff2dbbb',NULL,NULL,'2021-11-23 16:25:58.696507','新页面','NORMAL','2021-11-26 00:44:20.077618',4,'619c9c4466c9af200ea643dd','6196408307fab40ae1d69322','rolling_on_the_floor_laughing',_binary ''),('619ca64766c9a921c6428cc9',NULL,NULL,'2021-11-23 16:28:55.174010','新页面','NORMAL','2021-11-23 16:28:55.174010',1,'619c9c4466c9af200ea643dd','6196408307fab40ae1d69322',NULL,_binary ''),('619cd61366c920eb51fdfff5',NULL,NULL,'2021-11-23 19:52:51.155122','新页面','NORMAL','2021-11-23 19:52:51.155122',1,'619ca52066c967bc4ff2dbba','6196408307fab40ae1d69322',NULL,_binary '\0'),('619f446a9d5f091f2666ccf8',NULL,NULL,'2021-11-25 16:08:10.127038','新页面','NORMAL','2021-11-25 16:08:10.127038',1,'6198b69924aca403e08fdf2c','6198b5c924acf04488e0db51',NULL,_binary '\0'),('619fc3889d5f264f6f32d3d2','{\"cover\":\"https://images.pexels.com/photos/10278313/pexels-photo-10278313.jpeg\"}','{\"type\":\"doc\",\"content\":[{\"type\":\"blockquote\",\"content\":[{\"type\":\"paragraph\",\"content\":[{\"type\":\"text\",\"text\":\"Hoshi-Note 采用富文本编辑器，是面向个人使用的云笔记系统，基于 Spring Boot 和 React 工具流开发。\"}]}]},{\"type\":\"heading\",\"attrs\":{\"level\":3},\"content\":[{\"type\":\"text\",\"text\":\"编辑器支持的功能\"}]},{\"type\":\"bulletList\",\"content\":[{\"type\":\"listItem\",\"content\":[{\"type\":\"paragraph\",\"content\":[{\"type\":\"text\",\"text\":\"BlockMenu：块菜单，也称为斜杠菜单，通过 \'/\' 字符开启菜单，用于添加 nodes。\"}]}]},{\"type\":\"listItem\",\"content\":[{\"type\":\"paragraph\",\"content\":[{\"type\":\"text\",\"text\":\"FloatMenu：浮动菜单，选中文本开启菜单，用于将 marks 应用到文本。\"}]}]},{\"type\":\"listItem\",\"content\":[{\"type\":\"paragraph\",\"content\":[{\"type\":\"text\",\"text\":\"Clipboard：剪贴板扩展，用于解析粘贴的 Markdown 内容，同时在复制时将内容序列化为 Markdown。\"}]}]},{\"type\":\"listItem\",\"content\":[{\"type\":\"paragraph\",\"content\":[{\"type\":\"text\",\"text\":\"Markdown：Markdown 扩展，提供 Markdown 解析器和序列化器，使用 \"},{\"type\":\"text\",\"marks\":[{\"type\":\"link\",\"attrs\":{\"href\":\"https://github.com/remarkjs/remark\",\"target\":\"_blank\"}}],\"text\":\"remark\"},{\"type\":\"text\",\"text\":\" 处理 Markdown 语法。\"}]}]},{\"type\":\"listItem\",\"content\":[{\"type\":\"paragraph\",\"content\":[{\"type\":\"text\",\"text\":\"DropCursor：拖放内容。\"}]}]},{\"type\":\"listItem\",\"content\":[{\"type\":\"paragraph\",\"content\":[{\"type\":\"text\",\"text\":\"History：撤销重做。\"}]}]},{\"type\":\"listItem\",\"content\":[{\"type\":\"paragraph\",\"content\":[{\"type\":\"text\",\"text\":\"Emoji：表情扩展，将 Gemoji 解析为对应 Unicode 字符，同时提供了搜索、选择表情的功能，使用 \'::\' 打开。\"}]}]},{\"type\":\"listItem\",\"content\":[{\"type\":\"paragraph\",\"content\":[{\"type\":\"text\",\"text\":\"MathInline：行内公式，提供渲染 \"},{\"type\":\"text\",\"marks\":[{\"type\":\"link\",\"attrs\":{\"href\":\"https://katex.org/\",\"target\":\"_blank\"}}],\"text\":\"Katex\"},{\"type\":\"text\",\"text\":\" 公式的功能。\"}]}]},{\"type\":\"listItem\",\"content\":[{\"type\":\"paragraph\",\"content\":[{\"type\":\"text\",\"text\":\"MathBlock：公式块，提供渲染 \"},{\"type\":\"text\",\"marks\":[{\"type\":\"link\",\"attrs\":{\"href\":\"https://katex.org/\",\"target\":\"_blank\"}}],\"text\":\"Katex\"},{\"type\":\"text\",\"text\":\" 公式的功能。\"}]}]},{\"type\":\"listItem\",\"content\":[{\"type\":\"paragraph\",\"content\":[{\"type\":\"text\",\"text\":\"Diagram：图表块，提供渲染 \"},{\"type\":\"text\",\"marks\":[{\"type\":\"link\",\"attrs\":{\"href\":\"https://mermaid-js.github.io/mermaid/#/\",\"target\":\"_blank\"}}],\"text\":\"Mermaid\"},{\"type\":\"text\",\"text\":\" 图标的功能。\"}]}]},{\"type\":\"listItem\",\"content\":[{\"type\":\"paragraph\",\"content\":[{\"type\":\"text\",\"text\":\"Audio：音频块，用于插入音频。\"}]}]},{\"type\":\"listItem\",\"content\":[{\"type\":\"paragraph\",\"content\":[{\"type\":\"text\",\"text\":\"Video：视频块，用于插入视频。\"}]}]},{\"type\":\"listItem\",\"content\":[{\"type\":\"paragraph\",\"content\":[{\"type\":\"text\",\"text\":\"Details*：折叠内容块，可以作为隐藏内容，在回忆时查看。\"}]}]},{\"type\":\"listItem\",\"content\":[{\"type\":\"paragraph\",\"content\":[{\"type\":\"text\",\"text\":\"Embed：嵌入块，提供嵌入网页的功能。\"}]}]},{\"type\":\"listItem\",\"content\":[{\"type\":\"paragraph\",\"content\":[{\"type\":\"text\",\"text\":\"Blockquote：引用块。\"}]}]},{\"type\":\"listItem\",\"content\":[{\"type\":\"paragraph\",\"content\":[{\"type\":\"text\",\"text\":\"BulletList：无序列表。\"}]}]},{\"type\":\"listItem\",\"content\":[{\"type\":\"paragraph\",\"content\":[{\"type\":\"text\",\"text\":\"CodeBlock：代码块，拥有选择语言的功能。\"}]}]},{\"type\":\"listItem\",\"content\":[{\"type\":\"paragraph\",\"content\":[{\"type\":\"text\",\"text\":\"Heading：标题快。\"}]}]},{\"type\":\"listItem\",\"content\":[{\"type\":\"paragraph\",\"content\":[{\"type\":\"text\",\"text\":\"HorizontalRule：分隔线。\"}]}]},{\"type\":\"listItem\",\"content\":[{\"type\":\"paragraph\",\"content\":[{\"type\":\"text\",\"text\":\"Image：图片块，支持上传。\"}]}]},{\"type\":\"listItem\",\"content\":[{\"type\":\"paragraph\",\"content\":[{\"type\":\"text\",\"text\":\"OrderedList：有序列表。\"}]}]},{\"type\":\"listItem\",\"content\":[{\"type\":\"paragraph\",\"content\":[{\"type\":\"text\",\"text\":\"Table：表格块，支持动态修改行列。\"}]}]},{\"type\":\"listItem\",\"content\":[{\"type\":\"paragraph\",\"content\":[{\"type\":\"text\",\"text\":\"TaskList：任务列表。\"}]}]},{\"type\":\"listItem\",\"content\":[{\"type\":\"paragraph\",\"content\":[{\"type\":\"text\",\"text\":\"Bold：加粗。\"}]}]},{\"type\":\"listItem\",\"content\":[{\"type\":\"paragraph\",\"content\":[{\"type\":\"text\",\"text\":\"Code：行内代码。\"}]}]},{\"type\":\"listItem\",\"content\":[{\"type\":\"paragraph\",\"content\":[{\"type\":\"text\",\"text\":\"Highlight：文本高亮。\"}]}]},{\"type\":\"listItem\",\"content\":[{\"type\":\"paragraph\",\"content\":[{\"type\":\"text\",\"text\":\"Italic：斜体。\"}]}]},{\"type\":\"listItem\",\"content\":[{\"type\":\"paragraph\",\"content\":[{\"type\":\"text\",\"text\":\"Link：链接。\"}]}]},{\"type\":\"listItem\",\"content\":[{\"type\":\"paragraph\",\"content\":[{\"type\":\"text\",\"text\":\"Strike：删除线。\"}]}]}]},{\"type\":\"heading\",\"attrs\":{\"level\":1},\"content\":[{\"type\":\"text\",\"text\":\"Heading 1\"}]},{\"type\":\"heading\",\"attrs\":{\"level\":2},\"content\":[{\"type\":\"text\",\"text\":\"Heading 2\"}]},{\"type\":\"heading\",\"attrs\":{\"level\":3},\"content\":[{\"type\":\"text\",\"text\":\"Heading 3\"}]},{\"type\":\"heading\",\"attrs\":{\"level\":4},\"content\":[{\"type\":\"text\",\"text\":\"Heading 4\"}]},{\"type\":\"heading\",\"attrs\":{\"level\":5},\"content\":[{\"type\":\"text\",\"text\":\"Heading 5\"}]},{\"type\":\"heading\",\"attrs\":{\"level\":6},\"content\":[{\"type\":\"text\",\"text\":\"Heading 6\"}]},{\"type\":\"codeBlock\",\"attrs\":{\"language\":\"markdown\"},\"content\":[{\"type\":\"text\",\"text\":\"# heading 1\\n## heading 2\\n### heading 3\\n#### heading 4\\n##### heading 5\\n###### heading 6\"}]},{\"type\":\"paragraph\",\"content\":[{\"type\":\"text\",\"marks\":[{\"type\":\"bold\"}],\"text\":\"bold\"},{\"type\":\"text\",\"text\":\" \"},{\"type\":\"text\",\"marks\":[{\"type\":\"code\"}],\"text\":\"code\"},{\"type\":\"text\",\"text\":\" \"},{\"type\":\"text\",\"marks\":[{\"type\":\"italic\"}],\"text\":\"italic\"},{\"type\":\"text\",\"text\":\" \"},{\"type\":\"text\",\"marks\":[{\"type\":\"link\",\"attrs\":{\"href\":\"https://github.com/syfxlin/tiptap-starter-kit\",\"target\":\"_blank\"}}],\"text\":\"link\"},{\"type\":\"text\",\"text\":\" \"},{\"type\":\"text\",\"marks\":[{\"type\":\"strike\"}],\"text\":\"strike\"},{\"type\":\"text\",\"text\":\" \"},{\"type\":\"text\",\"marks\":[{\"type\":\"highlight\"}],\"text\":\"highlight\"}]},{\"type\":\"codeBlock\",\"attrs\":{\"language\":\"markdown\"},\"content\":[{\"type\":\"text\",\"text\":\"**bold** `code` *italic* [link](https://github.com/syfxlin/tiptap-starter-kit)\"}]},{\"type\":\"orderedList\",\"attrs\":{\"start\":1},\"content\":[{\"type\":\"listItem\",\"content\":[{\"type\":\"paragraph\",\"content\":[{\"type\":\"text\",\"text\":\"item 1\"}]}]},{\"type\":\"listItem\",\"content\":[{\"type\":\"paragraph\",\"content\":[{\"type\":\"text\",\"text\":\"item 2\"}]},{\"type\":\"orderedList\",\"attrs\":{\"start\":1},\"content\":[{\"type\":\"listItem\",\"content\":[{\"type\":\"paragraph\",\"content\":[{\"type\":\"text\",\"text\":\"item 3\"}]},{\"type\":\"orderedList\",\"attrs\":{\"start\":1},\"content\":[{\"type\":\"listItem\",\"content\":[{\"type\":\"paragraph\",\"content\":[{\"type\":\"text\",\"text\":\"item 4\"}]}]}]}]}]}]},{\"type\":\"listItem\",\"content\":[{\"type\":\"paragraph\",\"content\":[{\"type\":\"text\",\"text\":\"item 5\"}]}]}]},{\"type\":\"bulletList\",\"content\":[{\"type\":\"listItem\",\"content\":[{\"type\":\"paragraph\",\"content\":[{\"type\":\"text\",\"text\":\"item 1\"}]}]},{\"type\":\"listItem\",\"content\":[{\"type\":\"paragraph\",\"content\":[{\"type\":\"text\",\"text\":\"item 2\"}]},{\"type\":\"bulletList\",\"content\":[{\"type\":\"listItem\",\"content\":[{\"type\":\"paragraph\",\"content\":[{\"type\":\"text\",\"text\":\"item 3\"}]},{\"type\":\"bulletList\",\"content\":[{\"type\":\"listItem\",\"content\":[{\"type\":\"paragraph\",\"content\":[{\"type\":\"text\",\"text\":\"item 4\"}]}]}]}]}]}]},{\"type\":\"listItem\",\"content\":[{\"type\":\"paragraph\",\"content\":[{\"type\":\"text\",\"text\":\"item 5\"}]}]}]},{\"type\":\"taskList\",\"content\":[{\"type\":\"taskItem\",\"attrs\":{\"checked\":false},\"content\":[{\"type\":\"paragraph\",\"content\":[{\"type\":\"text\",\"text\":\"item 1\"}]}]},{\"type\":\"taskItem\",\"attrs\":{\"checked\":false},\"content\":[{\"type\":\"paragraph\",\"content\":[{\"type\":\"text\",\"text\":\"item 2\"}]},{\"type\":\"taskList\",\"content\":[{\"type\":\"taskItem\",\"attrs\":{\"checked\":true},\"content\":[{\"type\":\"paragraph\",\"content\":[{\"type\":\"text\",\"text\":\"item 3\"}]},{\"type\":\"taskList\",\"content\":[{\"type\":\"taskItem\",\"attrs\":{\"checked\":false},\"content\":[{\"type\":\"paragraph\",\"content\":[{\"type\":\"text\",\"text\":\"item 4\"}]}]}]}]}]}]},{\"type\":\"taskItem\",\"attrs\":{\"checked\":false},\"content\":[{\"type\":\"paragraph\",\"content\":[{\"type\":\"text\",\"text\":\"item 5\"}]}]}]},{\"type\":\"codeBlock\",\"attrs\":{\"language\":\"markdown\"},\"content\":[{\"type\":\"text\",\"text\":\"1.  item 1\\n2.  item 2\\n    1.  item 3\\n        1.  item 4\\n3.  item 5\\n\\n*   item 1\\n*   item 2\\n    *   item 3\\n        *   item 4\\n*   item 5\\n\\n*   [ ] item 1\\n*   [ ] item 2\\n    *   [x] item 3\\n        *   [ ] item 4\\n*   [ ] item 5\"}]},{\"type\":\"paragraph\",\"content\":[{\"type\":\"image\",\"attrs\":{\"src\":\"https://ixk.me/bg.jpg\",\"alt\":\"\",\"title\":\"\"}},{\"type\":\"audio\",\"attrs\":{\"src\":\"https://lab.ixk.me/assets/media/Summer.mp3\",\"title\":\"\"}}]},{\"type\":\"paragraph\",\"content\":[{\"type\":\"video\",\"attrs\":{\"src\":\"https://lab.ixk.me/assets/media/movie.mp4\",\"title\":\"\"}}]},{\"type\":\"codeBlock\",\"attrs\":{\"language\":\"markdown\"},\"content\":[{\"type\":\"text\",\"text\":\"![](https://ixk.me/bg.jpg)\\n:audio{src=\\\"https://lab.ixk.me/assets/media/Summer.mp3\\\"}\\n:video{src=\\\"https://lab.ixk.me/assets/media/movie.mp4\\\"}\"}]},{\"type\":\"blockquote\",\"content\":[{\"type\":\"paragraph\",\"content\":[{\"type\":\"text\",\"text\":\"blockquote\"}]}]},{\"type\":\"codeBlock\",\"attrs\":{\"language\":\"javascript\"},\"content\":[{\"type\":\"text\",\"text\":\"const this = \\\"coeeBlock\\\";\"}]},{\"type\":\"paragraph\",\"content\":[{\"type\":\"mathInline\",\"attrs\":{\"value\":\"E = mc^2\"}}]},{\"type\":\"mathBlock\",\"content\":[{\"type\":\"text\",\"text\":\"E = mc^2\"}]},{\"type\":\"horizontalRule\"},{\"type\":\"table\",\"content\":[{\"type\":\"tableRow\",\"content\":[{\"type\":\"tableHeader\",\"attrs\":{\"colspan\":1,\"rowspan\":1,\"colwidth\":null},\"content\":[{\"type\":\"paragraph\",\"content\":[{\"type\":\"text\",\"text\":\"Header\"}]}]},{\"type\":\"tableHeader\",\"attrs\":{\"colspan\":1,\"rowspan\":1,\"colwidth\":null},\"content\":[{\"type\":\"paragraph\",\"content\":[{\"type\":\"text\",\"text\":\"Header\"}]}]},{\"type\":\"tableHeader\",\"attrs\":{\"colspan\":1,\"rowspan\":1,\"colwidth\":null},\"content\":[{\"type\":\"paragraph\",\"content\":[{\"type\":\"text\",\"text\":\"Header\"}]}]}]},{\"type\":\"tableRow\",\"content\":[{\"type\":\"tableCell\",\"attrs\":{\"colspan\":1,\"rowspan\":1,\"colwidth\":null},\"content\":[{\"type\":\"paragraph\",\"content\":[{\"type\":\"text\",\"text\":\"Content\"}]}]},{\"type\":\"tableCell\",\"attrs\":{\"colspan\":1,\"rowspan\":1,\"colwidth\":null},\"content\":[{\"type\":\"paragraph\",\"content\":[{\"type\":\"text\",\"text\":\"Content\"}]}]},{\"type\":\"tableCell\",\"attrs\":{\"colspan\":1,\"rowspan\":1,\"colwidth\":null},\"content\":[{\"type\":\"paragraph\"}]}]},{\"type\":\"tableRow\",\"content\":[{\"type\":\"tableCell\",\"attrs\":{\"colspan\":1,\"rowspan\":1,\"colwidth\":null},\"content\":[{\"type\":\"paragraph\",\"content\":[{\"type\":\"text\",\"text\":\"Content\"}]}]},{\"type\":\"tableCell\",\"attrs\":{\"colspan\":1,\"rowspan\":1,\"colwidth\":null},\"content\":[{\"type\":\"paragraph\"}]},{\"type\":\"tableCell\",\"attrs\":{\"colspan\":1,\"rowspan\":1,\"colwidth\":null},\"content\":[{\"type\":\"paragraph\"}]}]}]},{\"type\":\"details\",\"attrs\":{\"open\":\"\",\"summary\":\"summary\"},\"content\":[{\"type\":\"paragraph\",\"content\":[{\"type\":\"text\",\"text\":\"content\"}]}]},{\"type\":\"diagram\",\"content\":[{\"type\":\"text\",\"text\":\"graph TD;\\n    A --> B;\"}]},{\"type\":\"codeBlock\",\"attrs\":{\"language\":\"markdown\"},\"content\":[{\"type\":\"text\",\"text\":\"> blockquote\\n\\n```javascript\\nconst this = \\\"coeeBlock\\\";\\n```\\n\\n$E = mc^2$\\n\\n$$\\nE = mc^2\\n$$\\n\\n***\\n\\n| Header  | Header  | Header |\\n| ------- | ------- | ------ |\\n| Content | Content |        |\\n| Content |         |        |\\n\\n:::details{open=\\\"true\\\" summary=\\\"summary\\\"}\\ncontent\\n:::\\n\\n:::diagram\\ngraph TD;\\n    A --> B;\\n:::\"}]},{\"type\":\"embed\",\"attrs\":{\"src\":\"https://ixk.me\",\"title\":\"My Homepage\"}},{\"type\":\"embed\",\"attrs\":{\"src\":\"https://gist.github.com/syfxlin/bef0c2f70beee99061f1612968a3e085\",\"title\":\"Weekly development breakdown\"}},{\"type\":\"codeBlock\",\"attrs\":{\"language\":\"markdown\"},\"content\":[{\"type\":\"text\",\"text\":\":embed{src=\\\"https://ixk.me\\\" title=\\\"My Homepage\\\"}\\n:embed{src=\\\"https://gist.github.com/syfxlin/bef0c2f70beee99061f1612968a3e085\\\" title=\\\"Weekly development breakdown\\\"}\\n// default support airtable, codepen, codesandbox, draw.io, gist, google docs, office\"}]}]}','2021-11-26 01:10:32.522531','Hello, Hoshi-Note','NORMAL','2021-11-29 12:23:35.614297',26,NULL,'619fb1639d5f264f6f32d3cd','tada',_binary ''),('61a2168218c9b9c9f62dc15e',NULL,NULL,'2021-11-27 19:29:06.656520','新页面','NORMAL','2021-11-27 19:29:06.656520',1,'619ca64766c9a921c6428cc9','6196408307fab40ae1d69322',NULL,_binary ''),('61a2168718c9b9c9f62dc15f',NULL,NULL,'2021-11-27 19:29:11.308022','新页面','NORMAL','2021-11-27 19:29:11.308022',1,'61a2168218c9b9c9f62dc15e','6196408307fab40ae1d69322',NULL,_binary ''),('61a2168c18c9b9c9f62dc160',NULL,NULL,'2021-11-27 19:29:16.000820','新页面','NORMAL','2021-11-27 19:29:16.000820',1,'619ca59666c967bc4ff2dbbb','6196408307fab40ae1d69322',NULL,_binary ''),('61a216c718c9b9c9f62dc161',NULL,NULL,'2021-11-27 19:30:15.535940','新页面','NORMAL','2021-11-27 19:30:15.535940',1,'61a2168218c9b9c9f62dc15e','6196408307fab40ae1d69322',NULL,_binary ''),('61a216c818c9b9c9f62dc162',NULL,NULL,'2021-11-27 19:30:16.387881','新页面','NORMAL','2021-11-27 19:30:16.387881',1,'61a2168718c9b9c9f62dc15f','6196408307fab40ae1d69322',NULL,_binary ''),('61a21bf918c9aecc656ef963','{\"cover\":null}',NULL,'2021-11-27 19:52:25.544974','新页面11','DELETED','2021-11-28 19:18:43.296979',8,'619c9c4466c9af200ea643dd','6196408307fab40ae1d69322',NULL,_binary ''),('61a21e5718c93f97ce3f4db5',NULL,NULL,'2021-11-27 20:02:31.164585','新页面','DELETED','2021-11-27 20:02:31.164585',1,NULL,'6196408307fab40ae1d69322',NULL,_binary '\0'),('61a21e7918c93f97ce3f4db7',NULL,NULL,'2021-11-27 20:03:05.920580','新页面','DELETED','2021-11-27 20:03:05.920580',1,'61a21e5718c93f97ce3f4db5','6196408307fab40ae1d69322',NULL,_binary '\0'),('61a36a6918c996b4353e9687',NULL,NULL,'2021-11-28 19:39:21.982854','新页面','NORMAL','2021-11-28 19:41:41.574672',2,'619ca52066c967bc4ff2dbba','6196408307fab40ae1d69322',NULL,_binary '\0'),('61a3808f18c9697daf5da8a1',NULL,NULL,'2021-11-28 21:13:51.457430','新页面','NORMAL','2021-11-28 21:13:51.457430',1,NULL,'6196408307fab40ae1d69322',NULL,_binary '\0'),('61a3809b18c9697daf5da8a2',NULL,NULL,'2021-11-28 21:14:03.656830','新页面','NORMAL','2021-11-28 21:14:03.656830',1,NULL,'6196408307fab40ae1d69322',NULL,_binary '\0'),('61a380d518c9697daf5da8a3',NULL,NULL,'2021-11-28 21:15:01.792405','新页面','NORMAL','2021-11-28 21:15:01.792405',1,NULL,'6196408307fab40ae1d69322',NULL,_binary '\0'),('61a382ea18c9697daf5da8a5',NULL,NULL,'2021-11-28 21:23:54.338733','新页面','NORMAL','2021-11-28 21:23:54.338733',1,NULL,'6196408307fab40ae1d69322',NULL,_binary '\0'),('61a382f318c9697daf5da8a6',NULL,NULL,'2021-11-28 21:24:03.743222','新页面','NORMAL','2021-11-28 21:24:03.743222',1,NULL,'6196408307fab40ae1d69322',NULL,_binary '\0'),('61a3830518c9697daf5da8a7',NULL,NULL,'2021-11-28 21:24:21.110279','新页面','NORMAL','2021-11-28 21:24:21.110279',1,NULL,'6196408307fab40ae1d69322',NULL,_binary '\0'),('61a3830818c9697daf5da8a8',NULL,NULL,'2021-11-28 21:24:24.520126','新页面','NORMAL','2021-11-28 21:24:24.520126',1,NULL,'6196408307fab40ae1d69322',NULL,_binary '\0'),('61a3830b18c9697daf5da8a9',NULL,NULL,'2021-11-28 21:24:27.333538','新页面','NORMAL','2021-11-28 21:24:27.333538',1,NULL,'6196408307fab40ae1d69322',NULL,_binary '\0'),('61a3831118c9697daf5da8aa',NULL,NULL,'2021-11-28 21:24:33.501632','新页面','NORMAL','2021-11-28 21:24:33.501632',1,NULL,'6196408307fab40ae1d69322',NULL,_binary ''),('61a3a62518c9feb51acb7e74',NULL,'{\"type\":\"doc\",\"content\":[{\"type\":\"paragraph\"},{\"type\":\"codeBlock\",\"attrs\":{\"language\":\"javascript\"},\"content\":[{\"type\":\"text\",\"text\":\"console.log(\\\"代码块\\\");\"}]},{\"type\":\"paragraph\",\"content\":[{\"type\":\"mathInline\",\"attrs\":{\"value\":\"E = mc^2\"}}]},{\"type\":\"blockquote\",\"content\":[{\"type\":\"paragraph\",\"content\":[{\"type\":\"text\",\"text\":\"引用\"}]}]},{\"type\":\"paragraph\",\"content\":[{\"type\":\"text\",\"text\":\"dddddddd\"}]},{\"type\":\"paragraph\",\"content\":[{\"type\":\"text\",\"text\":\"dddddddd\"}]},{\"type\":\"table\",\"content\":[{\"type\":\"tableRow\",\"content\":[{\"type\":\"tableHeader\",\"attrs\":{\"colspan\":1,\"rowspan\":1,\"colwidth\":null},\"content\":[{\"type\":\"paragraph\",\"content\":[{\"type\":\"text\",\"text\":\"123\"}]}]},{\"type\":\"tableHeader\",\"attrs\":{\"colspan\":1,\"rowspan\":1,\"colwidth\":null},\"content\":[{\"type\":\"paragraph\"}]},{\"type\":\"tableHeader\",\"attrs\":{\"colspan\":1,\"rowspan\":1,\"colwidth\":null},\"content\":[{\"type\":\"paragraph\"}]},{\"type\":\"tableCell\",\"attrs\":{\"colspan\":1,\"rowspan\":1,\"colwidth\":null},\"content\":[{\"type\":\"paragraph\"}]},{\"type\":\"tableCell\",\"attrs\":{\"colspan\":1,\"rowspan\":1,\"colwidth\":null},\"content\":[{\"type\":\"paragraph\"}]},{\"type\":\"tableCell\",\"attrs\":{\"colspan\":1,\"rowspan\":1,\"colwidth\":null},\"content\":[{\"type\":\"paragraph\"}]},{\"type\":\"tableCell\",\"attrs\":{\"colspan\":1,\"rowspan\":1,\"colwidth\":null},\"content\":[{\"type\":\"paragraph\"}]}]},{\"type\":\"tableRow\",\"content\":[{\"type\":\"tableHeader\",\"attrs\":{\"colspan\":1,\"rowspan\":1,\"colwidth\":null},\"content\":[{\"type\":\"paragraph\",\"content\":[{\"type\":\"text\",\"text\":\"dfdfd\"}]}]},{\"type\":\"tableHeader\",\"attrs\":{\"colspan\":1,\"rowspan\":1,\"colwidth\":null},\"content\":[{\"type\":\"paragraph\"}]},{\"type\":\"tableHeader\",\"attrs\":{\"colspan\":1,\"rowspan\":1,\"colwidth\":null},\"content\":[{\"type\":\"paragraph\"}]},{\"type\":\"tableCell\",\"attrs\":{\"colspan\":1,\"rowspan\":1,\"colwidth\":null},\"content\":[{\"type\":\"paragraph\"}]},{\"type\":\"tableCell\",\"attrs\":{\"colspan\":1,\"rowspan\":1,\"colwidth\":null},\"content\":[{\"type\":\"paragraph\"}]},{\"type\":\"tableCell\",\"attrs\":{\"colspan\":1,\"rowspan\":1,\"colwidth\":null},\"content\":[{\"type\":\"paragraph\"}]},{\"type\":\"tableCell\",\"attrs\":{\"colspan\":1,\"rowspan\":1,\"colwidth\":null},\"content\":[{\"type\":\"paragraph\"}]}]}]},{\"type\":\"details\",\"attrs\":{\"open\":true,\"summary\":\"折叠内容\"},\"content\":[{\"type\":\"paragraph\",\"content\":[{\"type\":\"text\",\"text\":\"折叠\"}]}]},{\"type\":\"diagram\",\"content\":[{\"type\":\"text\",\"text\":\"graph TD;\\nA--->B;\"}]}]}','2021-11-28 23:54:13.187441','新页面','NORMAL','2021-11-29 12:32:18.589112',14,'619fc3889d5f264f6f32d3d2','619fb1639d5f264f6f32d3cd',NULL,_binary ''),('61a4565e18c9b880b9795201',NULL,NULL,'2021-11-29 12:26:06.808669','新页面','ARCHIVE','2021-11-29 12:26:06.809666',1,NULL,'6198b5c924acf04488e0db51',NULL,_binary '\0'),('61a4b90018c963f6f9c9b3ad',NULL,NULL,'2021-11-29 19:26:56.305008','新页面','NORMAL','2021-11-29 19:26:56.305008',1,'61a3831118c9697daf5da8aa','6196408307fab40ae1d69322',NULL,_binary '');
/*!40000 ALTER TABLE `note` ENABLE KEYS */;
UNLOCK TABLES;

--
-- Table structure for table `note_history`
--

DROP TABLE IF EXISTS `note_history`;
/*!40101 SET @saved_cs_client     = @@character_set_client */;
/*!50503 SET character_set_client = utf8mb4 */;
CREATE TABLE `note_history` (
  `id` varchar(255) NOT NULL,
  `content` longtext,
  `save_time` datetime(6) NOT NULL,
  `version` bigint NOT NULL,
  `note_id` varchar(255) NOT NULL,
  `attributes` text,
  `icon` varchar(255) DEFAULT NULL,
  `name` varchar(255) NOT NULL,
  PRIMARY KEY (`id`),
  KEY `FKbo3561pvbo64le197ukumr03s` (`note_id`),
  CONSTRAINT `FKbo3561pvbo64le197ukumr03s` FOREIGN KEY (`note_id`) REFERENCES `note` (`id`)
) ENGINE=InnoDB DEFAULT CHARSET=utf8mb4 COLLATE=utf8mb4_0900_ai_ci;
/*!40101 SET character_set_client = @saved_cs_client */;

--
-- Dumping data for table `note_history`
--

LOCK TABLES `note_history` WRITE;
/*!40000 ALTER TABLE `note_history` DISABLE KEYS */;
INSERT INTO `note_history` VALUES ('619f35ef9d5fa7d06596ee30',NULL,'2021-11-25 15:06:19.192424',5,'619c9c4466c9af200ea643dd',NULL,'+1','新页面'),('619f35f89d5fa7d06596ee31',NULL,'2021-11-25 15:06:32.125457',6,'619c9c4466c9af200ea643dd',NULL,'joy','新页面'),('619f37dd9d5fa7d06596ee32','{\"type\":\"doc\",\"content\":[{\"type\":\"paragraph\",\"content\":[{\"type\":\"text\",\"text\":\"dddddddddddddddddddddddddddddddddddd\"}]}]}','2021-11-25 15:14:22.855694',10,'619c9c4466c9af200ea643dd',NULL,'joy','新页面'),('619f39869d5fa7d06596ee33','{\"type\":\"doc\",\"content\":[{\"type\":\"paragraph\",\"content\":[{\"type\":\"text\",\"text\":\"dddddddddddddddddddddddddddddddddddddddddddddddddddddddddddddddddd\"}]}]}','2021-11-25 15:21:31.136383',13,'619c9c4466c9af200ea643dd',NULL,'joy','新页面'),('619f39c59d5fa7d06596ee34','{\"type\":\"doc\",\"content\":[{\"type\":\"paragraph\",\"content\":[{\"type\":\"text\",\"text\":\"dd\"}]}]}','2021-11-25 15:22:41.493762',14,'619c9c4466c9af200ea643dd',NULL,'joy','新页面'),('619fbdb69d5f264f6f32d3ce',NULL,'2021-11-26 00:45:42.463345',3,'619ca52066c967bc4ff2dbba',NULL,'grinning','新页面'),('619fbdec9d5f264f6f32d3cf',NULL,'2021-11-26 00:46:36.637396',4,'619ca52066c967bc4ff2dbba',NULL,'innocent','新页面'),('619fbe409d5f264f6f32d3d0',NULL,'2021-11-26 00:48:00.743968',6,'619ca52066c967bc4ff2dbba',NULL,'+1','新页面'),('619fbeac9d5f264f6f32d3d1',NULL,'2021-11-26 00:49:48.695050',7,'619ca52066c967bc4ff2dbba',NULL,'joy','新页面'),('61a1efa602d9621a1d6d624a','{\"type\":\"doc\",\"content\":[{\"type\":\"paragraph\",\"content\":[{\"type\":\"text\",\"text\":\"dd\"}]}]}','2021-11-27 16:43:17.975455',19,'619c9c4466c9af200ea643dd','{\"cover\":\"http://localhost:7000/hoshi-file/files/1/829e9d06-46fa-4e6d-aa62-e6093d52687a.png\"}','grinning','新页面'),('61a1efa902d9621a1d6d624b','{\"type\":\"doc\",\"content\":[{\"type\":\"paragraph\",\"content\":[{\"type\":\"text\",\"text\":\"dd\"}]}]}','2021-11-27 16:43:21.061935',20,'619c9c4466c9af200ea643dd','{\"cover\":\"http://localhost:7000/hoshi-file/files/1/fd91ea37-7ada-47fd-bd4f-1a152803519b.jpg\"}','grinning','新页面'),('61a1f67d02d9621a1d6d624c','{\"type\":\"doc\",\"content\":[{\"type\":\"paragraph\",\"content\":[{\"type\":\"text\",\"text\":\"dd\"}]},{\"type\":\"paragraph\"}]}','2021-11-27 17:12:29.845529',25,'619c9c4466c9af200ea643dd','{\"cover\":\"https://images.pexels.com/photos/10293189/pexels-photo-10293189.jpeg\"}','grinning','新页面'),('61a1f6a502d9621a1d6d624d','{\"type\":\"doc\",\"content\":[{\"type\":\"paragraph\",\"content\":[{\"type\":\"text\",\"text\":\"dd\"}]},{\"type\":\"paragraph\",\"content\":[{\"type\":\"mathInline\",\"attrs\":{\"value\":\"E = mc^2\"}}]}]}','2021-11-27 17:13:09.875338',26,'619c9c4466c9af200ea643dd','{\"cover\":\"https://images.pexels.com/photos/10293189/pexels-photo-10293189.jpeg\"}','grinning','新页面'),('61a1f74a02d9621a1d6d624e','{\"type\":\"doc\",\"content\":[{\"type\":\"paragraph\",\"content\":[{\"type\":\"text\",\"text\":\"dd\"}]},{\"type\":\"paragraph\",\"content\":[{\"type\":\"mathInline\",\"attrs\":{\"value\":\"E = mc^2\"}}]},{\"type\":\"mathBlock\",\"content\":[{\"type\":\"text\",\"text\":\"E=mc^2\"}]}]}','2021-11-27 17:15:54.642658',29,'619c9c4466c9af200ea643dd','{\"cover\":\"https://images.pexels.com/photos/10293189/pexels-photo-10293189.jpeg\"}','grinning','新页面'),('61a230df18c99e0c17ea4e04',NULL,'2021-11-27 21:21:35.067150',3,'61a21bf918c9aecc656ef963','{\"cover\":null}',NULL,'新页面'),('61a3a59a18c9feb51acb7e70',NULL,'2021-11-28 23:51:53.974196',3,'619fc3889d5f264f6f32d3d2','{\"cover\":\"https://images.pexels.com/photos/1142950/pexels-photo-1142950.jpeg\"}',NULL,'新页面'),('61a3a5b818c9feb51acb7e71',NULL,'2021-11-28 23:52:24.230511',4,'619fc3889d5f264f6f32d3d2','{\"cover\":\"https://images.pexels.com/photos/10278313/pexels-photo-10278313.jpeg\"}',NULL,'新页面'),('61a3a5c118c9feb51acb7e72',NULL,'2021-11-28 23:52:33.767267',5,'619fc3889d5f264f6f32d3d2','{\"cover\":\"https://images.pexels.com/photos/10278313/pexels-photo-10278313.jpeg\"}','tada','新页面'),('61a3a5ec18c9feb51acb7e73',NULL,'2021-11-28 23:53:16.164035',6,'619fc3889d5f264f6f32d3d2','{\"cover\":\"https://images.pexels.com/photos/10278313/pexels-photo-10278313.jpeg\"}','tada','Hello, Hoshi-Note'),('61a3a64f18c9feb51acb7e75','{\"type\":\"doc\",\"content\":[{\"type\":\"heading\",\"attrs\":{\"level\":1},\"content\":[{\"type\":\"text\",\"text\":\"Tiptap StarterKit\"}]},{\"type\":\"blockquote\",\"content\":[{\"type\":\"paragraph\",\"content\":[{\"type\":\"text\",\"marks\":[{\"type\":\"link\",\"attrs\":{\"href\":\"https://tiptap.dev/\",\"target\":\"_blank\"}}],\"text\":\"Tiptap\"},{\"type\":\"text\",\"text\":\" 编辑器的非官方套件，包含了常见的扩展集合，以及斜杠菜单，浮动菜单，Markdown 解析、序列化等功能。\"}]}]},{\"type\":\"heading\",\"attrs\":{\"level\":2},\"content\":[{\"type\":\"text\",\"text\":\"安装 Installation\"}]},{\"type\":\"paragraph\",\"content\":[{\"type\":\"text\",\"text\":\"见 Github 仓库里的 README.md\"}]},{\"type\":\"heading\",\"attrs\":{\"level\":2},\"content\":[{\"type\":\"text\",\"text\":\"包含的扩展 Included extensions\"}]},{\"type\":\"heading\",\"attrs\":{\"level\":3},\"content\":[{\"type\":\"text\",\"text\":\"Extensions\"}]},{\"type\":\"bulletList\",\"content\":[{\"type\":\"listItem\",\"content\":[{\"type\":\"paragraph\",\"content\":[{\"type\":\"text\",\"text\":\"BlockMenu*：块菜单，也称为斜杠菜单，通过 \'/\' 字符开启菜单，用于添加 nodes。\"}]}]},{\"type\":\"listItem\",\"content\":[{\"type\":\"paragraph\",\"content\":[{\"type\":\"text\",\"text\":\"FloatMenu*：浮动菜单，选中文本开启菜单，用于将 marks 应用到文本。\"}]}]},{\"type\":\"listItem\",\"content\":[{\"type\":\"paragraph\",\"content\":[{\"type\":\"text\",\"text\":\"Clipboard*：剪贴板扩展，用于解析粘贴的 Markdown 内容，同时在复制时将内容序列化为 Markdown。\"}]}]},{\"type\":\"listItem\",\"content\":[{\"type\":\"paragraph\",\"content\":[{\"type\":\"text\",\"text\":\"Markdown*：Markdown 扩展，提供 Markdown 解析器和序列化器，使用 \"},{\"type\":\"text\",\"marks\":[{\"type\":\"link\",\"attrs\":{\"href\":\"https://github.com/remarkjs/remark\",\"target\":\"_blank\"}}],\"text\":\"remark\"},{\"type\":\"text\",\"text\":\" 处理 Markdown 语法。\"}]}]},{\"type\":\"listItem\",\"content\":[{\"type\":\"paragraph\",\"content\":[{\"type\":\"text\",\"text\":\"DropCursor\"}]}]},{\"type\":\"listItem\",\"content\":[{\"type\":\"paragraph\",\"content\":[{\"type\":\"text\",\"text\":\"GapCursor\"}]}]},{\"type\":\"listItem\",\"content\":[{\"type\":\"paragraph\",\"content\":[{\"type\":\"text\",\"text\":\"History\"}]}]}]},{\"type\":\"heading\",\"attrs\":{\"level\":3},\"content\":[{\"type\":\"text\",\"text\":\"Nodes\"}]},{\"type\":\"bulletList\",\"content\":[{\"type\":\"listItem\",\"content\":[{\"type\":\"paragraph\",\"content\":[{\"type\":\"text\",\"text\":\"Emoji*：表情扩展，将 Gemoji 解析为对应 Unicode 字符，同时提供了搜索、选择表情的功能，使用 \'::\' 打开。\"}]}]},{\"type\":\"listItem\",\"content\":[{\"type\":\"paragraph\",\"content\":[{\"type\":\"text\",\"text\":\"MathInline*：行内公式，提供渲染 \"},{\"type\":\"text\",\"marks\":[{\"type\":\"link\",\"attrs\":{\"href\":\"https://katex.org/\",\"target\":\"_blank\"}}],\"text\":\"Katex\"},{\"type\":\"text\",\"text\":\" 公式的功能。\"}]}]},{\"type\":\"listItem\",\"content\":[{\"type\":\"paragraph\",\"content\":[{\"type\":\"text\",\"text\":\"MathBlock*：公式块，提供渲染 \"},{\"type\":\"text\",\"marks\":[{\"type\":\"link\",\"attrs\":{\"href\":\"https://katex.org/\",\"target\":\"_blank\"}}],\"text\":\"Katex\"},{\"type\":\"text\",\"text\":\" 公式的功能。\"}]}]},{\"type\":\"listItem\",\"content\":[{\"type\":\"paragraph\",\"content\":[{\"type\":\"text\",\"text\":\"Diagram*：图表块，提供渲染 \"},{\"type\":\"text\",\"marks\":[{\"type\":\"link\",\"attrs\":{\"href\":\"https://mermaid-js.github.io/mermaid/#/\",\"target\":\"_blank\"}}],\"text\":\"Mermaid\"},{\"type\":\"text\",\"text\":\" 图标的功能。\"}]}]},{\"type\":\"listItem\",\"content\":[{\"type\":\"paragraph\",\"content\":[{\"type\":\"text\",\"text\":\"Audio*：音频块。\"}]}]},{\"type\":\"listItem\",\"content\":[{\"type\":\"paragraph\",\"content\":[{\"type\":\"text\",\"text\":\"Video*：视频块。\"}]}]},{\"type\":\"listItem\",\"content\":[{\"type\":\"paragraph\",\"content\":[{\"type\":\"text\",\"text\":\"Details*：折叠内容块。\"}]}]},{\"type\":\"listItem\",\"content\":[{\"type\":\"paragraph\",\"content\":[{\"type\":\"text\",\"text\":\"Embed*：嵌入块，提供嵌入网页的功能。\"}]}]},{\"type\":\"listItem\",\"content\":[{\"type\":\"paragraph\",\"content\":[{\"type\":\"text\",\"text\":\"Document\"}]}]},{\"type\":\"listItem\",\"content\":[{\"type\":\"paragraph\",\"content\":[{\"type\":\"text\",\"text\":\"Paragraph\"}]}]},{\"type\":\"listItem\",\"content\":[{\"type\":\"paragraph\",\"content\":[{\"type\":\"text\",\"text\":\"Text\"}]}]},{\"type\":\"listItem\",\"content\":[{\"type\":\"paragraph\",\"content\":[{\"type\":\"text\",\"text\":\"Blockquote\"}]}]},{\"type\":\"listItem\",\"content\":[{\"type\":\"paragraph\",\"content\":[{\"type\":\"text\",\"text\":\"BulletList\"}]}]},{\"type\":\"listItem\",\"content\":[{\"type\":\"paragraph\",\"content\":[{\"type\":\"text\",\"text\":\"ListItem\"}]}]},{\"type\":\"listItem\",\"content\":[{\"type\":\"paragraph\",\"content\":[{\"type\":\"text\",\"text\":\"CodeBlock：添加选择语言的功能\"}]}]},{\"type\":\"listItem\",\"content\":[{\"type\":\"paragraph\",\"content\":[{\"type\":\"text\",\"text\":\"HardBreak\"}]}]},{\"type\":\"listItem\",\"content\":[{\"type\":\"paragraph\",\"content\":[{\"type\":\"text\",\"text\":\"Heading\"}]}]},{\"type\":\"listItem\",\"content\":[{\"type\":\"paragraph\",\"content\":[{\"type\":\"text\",\"text\":\"HorizontalRule\"}]}]},{\"type\":\"listItem\",\"content\":[{\"type\":\"paragraph\",\"content\":[{\"type\":\"text\",\"text\":\"Image：添加了浮动的修改框\"}]}]},{\"type\":\"listItem\",\"content\":[{\"type\":\"paragraph\",\"content\":[{\"type\":\"text\",\"text\":\"OrderedList\"}]}]},{\"type\":\"listItem\",\"content\":[{\"type\":\"paragraph\",\"content\":[{\"type\":\"text\",\"text\":\"Table：添加了浮动的操作菜单\"}]}]},{\"type\":\"listItem\",\"content\":[{\"type\":\"paragraph\",\"content\":[{\"type\":\"text\",\"text\":\"TableCell\"}]}]},{\"type\":\"listItem\",\"content\":[{\"type\":\"paragraph\",\"content\":[{\"type\":\"text\",\"text\":\"TableHeader\"}]}]},{\"type\":\"listItem\",\"content\":[{\"type\":\"paragraph\",\"content\":[{\"type\":\"text\",\"text\":\"TableRow\"}]}]},{\"type\":\"listItem\",\"content\":[{\"type\":\"paragraph\",\"content\":[{\"type\":\"text\",\"text\":\"TaskList\"}]}]},{\"type\":\"listItem\",\"content\":[{\"type\":\"paragraph\",\"content\":[{\"type\":\"text\",\"text\":\"TaskItem\"}]}]}]},{\"type\":\"heading\",\"attrs\":{\"level\":3},\"content\":[{\"type\":\"text\",\"text\":\"Marks\"}]},{\"type\":\"bulletList\",\"content\":[{\"type\":\"listItem\",\"content\":[{\"type\":\"paragraph\",\"content\":[{\"type\":\"text\",\"text\":\"Bold\"}]}]},{\"type\":\"listItem\",\"content\":[{\"type\":\"paragraph\",\"content\":[{\"type\":\"text\",\"text\":\"Code\"}]}]},{\"type\":\"listItem\",\"content\":[{\"type\":\"paragraph\",\"content\":[{\"type\":\"text\",\"text\":\"Highlight\"}]}]},{\"type\":\"listItem\",\"content\":[{\"type\":\"paragraph\",\"content\":[{\"type\":\"text\",\"text\":\"Italic\"}]}]},{\"type\":\"listItem\",\"content\":[{\"type\":\"paragraph\",\"content\":[{\"type\":\"text\",\"text\":\"Link：添加了浮动的修改框\"}]}]},{\"type\":\"listItem\",\"content\":[{\"type\":\"paragraph\",\"content\":[{\"type\":\"text\",\"text\":\"Strike\"}]}]}]},{\"type\":\"heading\",\"attrs\":{\"level\":1},\"content\":[{\"type\":\"text\",\"text\":\"Heading 1\"}]},{\"type\":\"heading\",\"attrs\":{\"level\":2},\"content\":[{\"type\":\"text\",\"text\":\"Heading 2\"}]},{\"type\":\"heading\",\"attrs\":{\"level\":3},\"content\":[{\"type\":\"text\",\"text\":\"Heading 3\"}]},{\"type\":\"heading\",\"attrs\":{\"level\":4},\"content\":[{\"type\":\"text\",\"text\":\"Heading 4\"}]},{\"type\":\"heading\",\"attrs\":{\"level\":5},\"content\":[{\"type\":\"text\",\"text\":\"Heading 5\"}]},{\"type\":\"heading\",\"attrs\":{\"level\":6},\"content\":[{\"type\":\"text\",\"text\":\"Heading 6\"}]},{\"type\":\"codeBlock\",\"attrs\":{\"language\":\"markdown\"},\"content\":[{\"type\":\"text\",\"text\":\"# heading 1\\n## heading 2\\n### heading 3\\n#### heading 4\\n##### heading 5\\n###### heading 6\"}]},{\"type\":\"paragraph\",\"content\":[{\"type\":\"text\",\"marks\":[{\"type\":\"bold\"}],\"text\":\"bold\"},{\"type\":\"text\",\"text\":\" \"},{\"type\":\"text\",\"marks\":[{\"type\":\"code\"}],\"text\":\"code\"},{\"type\":\"text\",\"text\":\" \"},{\"type\":\"text\",\"marks\":[{\"type\":\"italic\"}],\"text\":\"italic\"},{\"type\":\"text\",\"text\":\" \"},{\"type\":\"text\",\"marks\":[{\"type\":\"link\",\"attrs\":{\"href\":\"https://github.com/syfxlin/tiptap-starter-kit\",\"target\":\"_blank\"}}],\"text\":\"link\"},{\"type\":\"text\",\"text\":\" \"},{\"type\":\"text\",\"marks\":[{\"type\":\"strike\"}],\"text\":\"strike\"},{\"type\":\"text\",\"text\":\" \"},{\"type\":\"text\",\"marks\":[{\"type\":\"highlight\"}],\"text\":\"highlight\"}]},{\"type\":\"codeBlock\",\"attrs\":{\"language\":\"markdown\"},\"content\":[{\"type\":\"text\",\"text\":\"**bold** `code` *italic* [link](https://github.com/syfxlin/tiptap-starter-kit)\"}]},{\"type\":\"orderedList\",\"attrs\":{\"start\":1},\"content\":[{\"type\":\"listItem\",\"content\":[{\"type\":\"paragraph\",\"content\":[{\"type\":\"text\",\"text\":\"item 1\"}]}]},{\"type\":\"listItem\",\"content\":[{\"type\":\"paragraph\",\"content\":[{\"type\":\"text\",\"text\":\"item 2\"}]},{\"type\":\"orderedList\",\"attrs\":{\"start\":1},\"content\":[{\"type\":\"listItem\",\"content\":[{\"type\":\"paragraph\",\"content\":[{\"type\":\"text\",\"text\":\"item 3\"}]},{\"type\":\"orderedList\",\"attrs\":{\"start\":1},\"content\":[{\"type\":\"listItem\",\"content\":[{\"type\":\"paragraph\",\"content\":[{\"type\":\"text\",\"text\":\"item 4\"}]}]}]}]}]}]},{\"type\":\"listItem\",\"content\":[{\"type\":\"paragraph\",\"content\":[{\"type\":\"text\",\"text\":\"item 5\"}]}]}]},{\"type\":\"bulletList\",\"content\":[{\"type\":\"listItem\",\"content\":[{\"type\":\"paragraph\",\"content\":[{\"type\":\"text\",\"text\":\"item 1\"}]}]},{\"type\":\"listItem\",\"content\":[{\"type\":\"paragraph\",\"content\":[{\"type\":\"text\",\"text\":\"item 2\"}]},{\"type\":\"bulletList\",\"content\":[{\"type\":\"listItem\",\"content\":[{\"type\":\"paragraph\",\"content\":[{\"type\":\"text\",\"text\":\"item 3\"}]},{\"type\":\"bulletList\",\"content\":[{\"type\":\"listItem\",\"content\":[{\"type\":\"paragraph\",\"content\":[{\"type\":\"text\",\"text\":\"item 4\"}]}]}]}]}]}]},{\"type\":\"listItem\",\"content\":[{\"type\":\"paragraph\",\"content\":[{\"type\":\"text\",\"text\":\"item 5\"}]}]}]},{\"type\":\"taskList\",\"content\":[{\"type\":\"taskItem\",\"attrs\":{\"checked\":false},\"content\":[{\"type\":\"paragraph\",\"content\":[{\"type\":\"text\",\"text\":\"item 1\"}]}]},{\"type\":\"taskItem\",\"attrs\":{\"checked\":false},\"content\":[{\"type\":\"paragraph\",\"content\":[{\"type\":\"text\",\"text\":\"item 2\"}]},{\"type\":\"taskList\",\"content\":[{\"type\":\"taskItem\",\"attrs\":{\"checked\":true},\"content\":[{\"type\":\"paragraph\",\"content\":[{\"type\":\"text\",\"text\":\"item 3\"}]},{\"type\":\"taskList\",\"content\":[{\"type\":\"taskItem\",\"attrs\":{\"checked\":false},\"content\":[{\"type\":\"paragraph\",\"content\":[{\"type\":\"text\",\"text\":\"item 4\"}]}]}]}]}]}]},{\"type\":\"taskItem\",\"attrs\":{\"checked\":false},\"content\":[{\"type\":\"paragraph\",\"content\":[{\"type\":\"text\",\"text\":\"item 5\"}]}]}]},{\"type\":\"codeBlock\",\"attrs\":{\"language\":\"markdown\"},\"content\":[{\"type\":\"text\",\"text\":\"1.  item 1\\n2.  item 2\\n    1.  item 3\\n        1.  item 4\\n3.  item 5\\n\\n*   item 1\\n*   item 2\\n    *   item 3\\n        *   item 4\\n*   item 5\\n\\n*   [ ] item 1\\n*   [ ] item 2\\n    *   [x] item 3\\n        *   [ ] item 4\\n*   [ ] item 5\"}]},{\"type\":\"paragraph\",\"content\":[{\"type\":\"image\",\"attrs\":{\"src\":\"https://ixk.me/bg.jpg\",\"alt\":\"\",\"title\":\"\"}},{\"type\":\"audio\",\"attrs\":{\"src\":\"https://lab.ixk.me/assets/media/Summer.mp3\",\"title\":\"\"}}]},{\"type\":\"paragraph\",\"content\":[{\"type\":\"video\",\"attrs\":{\"src\":\"https://lab.ixk.me/assets/media/movie.mp4\",\"title\":\"\"}}]},{\"type\":\"codeBlock\",\"attrs\":{\"language\":\"markdown\"},\"content\":[{\"type\":\"text\",\"text\":\"![](https://ixk.me/bg.jpg)\\n:audio{src=\\\"https://lab.ixk.me/assets/media/Summer.mp3\\\"}\\n:video{src=\\\"https://lab.ixk.me/assets/media/movie.mp4\\\"}\"}]},{\"type\":\"blockquote\",\"content\":[{\"type\":\"paragraph\",\"content\":[{\"type\":\"text\",\"text\":\"blockquote\"}]}]},{\"type\":\"codeBlock\",\"attrs\":{\"language\":\"javascript\"},\"content\":[{\"type\":\"text\",\"text\":\"const this = \\\"coeeBlock\\\";\"}]},{\"type\":\"paragraph\",\"content\":[{\"type\":\"mathInline\",\"attrs\":{\"value\":\"E = mc^2\"}}]},{\"type\":\"mathBlock\",\"content\":[{\"type\":\"text\",\"text\":\"E = mc^2\"}]},{\"type\":\"horizontalRule\"},{\"type\":\"table\",\"content\":[{\"type\":\"tableRow\",\"content\":[{\"type\":\"tableHeader\",\"attrs\":{\"colspan\":1,\"rowspan\":1,\"colwidth\":null},\"content\":[{\"type\":\"paragraph\",\"content\":[{\"type\":\"text\",\"text\":\"Header\"}]}]},{\"type\":\"tableHeader\",\"attrs\":{\"colspan\":1,\"rowspan\":1,\"colwidth\":null},\"content\":[{\"type\":\"paragraph\",\"content\":[{\"type\":\"text\",\"text\":\"Header\"}]}]},{\"type\":\"tableHeader\",\"attrs\":{\"colspan\":1,\"rowspan\":1,\"colwidth\":null},\"content\":[{\"type\":\"paragraph\",\"content\":[{\"type\":\"text\",\"text\":\"Header\"}]}]}]},{\"type\":\"tableRow\",\"content\":[{\"type\":\"tableCell\",\"attrs\":{\"colspan\":1,\"rowspan\":1,\"colwidth\":null},\"content\":[{\"type\":\"paragraph\",\"content\":[{\"type\":\"text\",\"text\":\"Content\"}]}]},{\"type\":\"tableCell\",\"attrs\":{\"colspan\":1,\"rowspan\":1,\"colwidth\":null},\"content\":[{\"type\":\"paragraph\",\"content\":[{\"type\":\"text\",\"text\":\"Content\"}]}]},{\"type\":\"tableCell\",\"attrs\":{\"colspan\":1,\"rowspan\":1,\"colwidth\":null},\"content\":[{\"type\":\"paragraph\"}]}]},{\"type\":\"tableRow\",\"content\":[{\"type\":\"tableCell\",\"attrs\":{\"colspan\":1,\"rowspan\":1,\"colwidth\":null},\"content\":[{\"type\":\"paragraph\",\"content\":[{\"type\":\"text\",\"text\":\"Content\"}]}]},{\"type\":\"tableCell\",\"attrs\":{\"colspan\":1,\"rowspan\":1,\"colwidth\":null},\"content\":[{\"type\":\"paragraph\"}]},{\"type\":\"tableCell\",\"attrs\":{\"colspan\":1,\"rowspan\":1,\"colwidth\":null},\"content\":[{\"type\":\"paragraph\"}]}]}]},{\"type\":\"details\",\"attrs\":{\"open\":\"\",\"summary\":\"summary\"},\"content\":[{\"type\":\"paragraph\",\"content\":[{\"type\":\"text\",\"text\":\"content\"}]}]},{\"type\":\"diagram\",\"content\":[{\"type\":\"text\",\"text\":\"graph TD;\\n    A --> B;\"}]},{\"type\":\"codeBlock\",\"attrs\":{\"language\":\"markdown\"},\"content\":[{\"type\":\"text\",\"text\":\"> blockquote\\n\\n```javascript\\nconst this = \\\"coeeBlock\\\";\\n```\\n\\n$E = mc^2$\\n\\n$$\\nE = mc^2\\n$$\\n\\n***\\n\\n| Header  | Header  | Header |\\n| ------- | ------- | ------ |\\n| Content | Content |        |\\n| Content |         |        |\\n\\n:::details{open=\\\"true\\\" summary=\\\"summary\\\"}\\ncontent\\n:::\\n\\n:::diagram\\ngraph TD;\\n    A --> B;\\n:::\"}]},{\"type\":\"embed\",\"attrs\":{\"src\":\"https://ixk.me\",\"title\":\"My Homepage\"}},{\"type\":\"embed\",\"attrs\":{\"src\":\"https://gist.github.com/syfxlin/bef0c2f70beee99061f1612968a3e085\",\"title\":\"Weekly development breakdown\"}},{\"type\":\"codeBlock\",\"attrs\":{\"language\":\"markdown\"},\"content\":[{\"type\":\"text\",\"text\":\":embed{src=\\\"https://ixk.me\\\" title=\\\"My Homepage\\\"}\\n:embed{src=\\\"https://gist.github.com/syfxlin/bef0c2f70beee99061f1612968a3e085\\\" title=\\\"Weekly development breakdown\\\"}\\n// default support airtable, codepen, codesandbox, draw.io, gist, google docs, office\"}]}]}','2021-11-28 23:54:55.813551',7,'619fc3889d5f264f6f32d3d2','{\"cover\":\"https://images.pexels.com/photos/10278313/pexels-photo-10278313.jpeg\"}','tada','Hello, Hoshi-Note'),('61a3a76e18c9feb51acb7e76','{\"type\":\"doc\",\"content\":[{\"type\":\"blockquote\",\"content\":[{\"type\":\"paragraph\",\"content\":[{\"type\":\"text\",\"text\":\"Hoshi-Note 采用富文本编辑器\"}]}]},{\"type\":\"heading\",\"attrs\":{\"level\":2},\"content\":[{\"type\":\"text\",\"text\":\"安装 Installation\"}]},{\"type\":\"paragraph\",\"content\":[{\"type\":\"text\",\"text\":\"见 Github 仓库里的 README.md\"}]},{\"type\":\"heading\",\"attrs\":{\"level\":2},\"content\":[{\"type\":\"text\",\"text\":\"包含的扩展 Included extensions\"}]},{\"type\":\"heading\",\"attrs\":{\"level\":3},\"content\":[{\"type\":\"text\",\"text\":\"Extensions\"}]},{\"type\":\"bulletList\",\"content\":[{\"type\":\"listItem\",\"content\":[{\"type\":\"paragraph\",\"content\":[{\"type\":\"text\",\"text\":\"BlockMenu*：块菜单，也称为斜杠菜单，通过 \'/\' 字符开启菜单，用于添加 nodes。\"}]}]},{\"type\":\"listItem\",\"content\":[{\"type\":\"paragraph\",\"content\":[{\"type\":\"text\",\"text\":\"FloatMenu*：浮动菜单，选中文本开启菜单，用于将 marks 应用到文本。\"}]}]},{\"type\":\"listItem\",\"content\":[{\"type\":\"paragraph\",\"content\":[{\"type\":\"text\",\"text\":\"Clipboard*：剪贴板扩展，用于解析粘贴的 Markdown 内容，同时在复制时将内容序列化为 Markdown。\"}]}]},{\"type\":\"listItem\",\"content\":[{\"type\":\"paragraph\",\"content\":[{\"type\":\"text\",\"text\":\"Markdown*：Markdown 扩展，提供 Markdown 解析器和序列化器，使用 \"},{\"type\":\"text\",\"marks\":[{\"type\":\"link\",\"attrs\":{\"href\":\"https://github.com/remarkjs/remark\",\"target\":\"_blank\"}}],\"text\":\"remark\"},{\"type\":\"text\",\"text\":\" 处理 Markdown 语法。\"}]}]},{\"type\":\"listItem\",\"content\":[{\"type\":\"paragraph\",\"content\":[{\"type\":\"text\",\"text\":\"DropCursor\"}]}]},{\"type\":\"listItem\",\"content\":[{\"type\":\"paragraph\",\"content\":[{\"type\":\"text\",\"text\":\"GapCursor\"}]}]},{\"type\":\"listItem\",\"content\":[{\"type\":\"paragraph\",\"content\":[{\"type\":\"text\",\"text\":\"History\"}]}]}]},{\"type\":\"heading\",\"attrs\":{\"level\":3},\"content\":[{\"type\":\"text\",\"text\":\"Nodes\"}]},{\"type\":\"bulletList\",\"content\":[{\"type\":\"listItem\",\"content\":[{\"type\":\"paragraph\",\"content\":[{\"type\":\"text\",\"text\":\"Emoji*：表情扩展，将 Gemoji 解析为对应 Unicode 字符，同时提供了搜索、选择表情的功能，使用 \'::\' 打开。\"}]}]},{\"type\":\"listItem\",\"content\":[{\"type\":\"paragraph\",\"content\":[{\"type\":\"text\",\"text\":\"MathInline*：行内公式，提供渲染 \"},{\"type\":\"text\",\"marks\":[{\"type\":\"link\",\"attrs\":{\"href\":\"https://katex.org/\",\"target\":\"_blank\"}}],\"text\":\"Katex\"},{\"type\":\"text\",\"text\":\" 公式的功能。\"}]}]},{\"type\":\"listItem\",\"content\":[{\"type\":\"paragraph\",\"content\":[{\"type\":\"text\",\"text\":\"MathBlock*：公式块，提供渲染 \"},{\"type\":\"text\",\"marks\":[{\"type\":\"link\",\"attrs\":{\"href\":\"https://katex.org/\",\"target\":\"_blank\"}}],\"text\":\"Katex\"},{\"type\":\"text\",\"text\":\" 公式的功能。\"}]}]},{\"type\":\"listItem\",\"content\":[{\"type\":\"paragraph\",\"content\":[{\"type\":\"text\",\"text\":\"Diagram*：图表块，提供渲染 \"},{\"type\":\"text\",\"marks\":[{\"type\":\"link\",\"attrs\":{\"href\":\"https://mermaid-js.github.io/mermaid/#/\",\"target\":\"_blank\"}}],\"text\":\"Mermaid\"},{\"type\":\"text\",\"text\":\" 图标的功能。\"}]}]},{\"type\":\"listItem\",\"content\":[{\"type\":\"paragraph\",\"content\":[{\"type\":\"text\",\"text\":\"Audio*：音频块。\"}]}]},{\"type\":\"listItem\",\"content\":[{\"type\":\"paragraph\",\"content\":[{\"type\":\"text\",\"text\":\"Video*：视频块。\"}]}]},{\"type\":\"listItem\",\"content\":[{\"type\":\"paragraph\",\"content\":[{\"type\":\"text\",\"text\":\"Details*：折叠内容块。\"}]}]},{\"type\":\"listItem\",\"content\":[{\"type\":\"paragraph\",\"content\":[{\"type\":\"text\",\"text\":\"Embed*：嵌入块，提供嵌入网页的功能。\"}]}]},{\"type\":\"listItem\",\"content\":[{\"type\":\"paragraph\",\"content\":[{\"type\":\"text\",\"text\":\"Document\"}]}]},{\"type\":\"listItem\",\"content\":[{\"type\":\"paragraph\",\"content\":[{\"type\":\"text\",\"text\":\"Paragraph\"}]}]},{\"type\":\"listItem\",\"content\":[{\"type\":\"paragraph\",\"content\":[{\"type\":\"text\",\"text\":\"Text\"}]}]},{\"type\":\"listItem\",\"content\":[{\"type\":\"paragraph\",\"content\":[{\"type\":\"text\",\"text\":\"Blockquote\"}]}]},{\"type\":\"listItem\",\"content\":[{\"type\":\"paragraph\",\"content\":[{\"type\":\"text\",\"text\":\"BulletList\"}]}]},{\"type\":\"listItem\",\"content\":[{\"type\":\"paragraph\",\"content\":[{\"type\":\"text\",\"text\":\"ListItem\"}]}]},{\"type\":\"listItem\",\"content\":[{\"type\":\"paragraph\",\"content\":[{\"type\":\"text\",\"text\":\"CodeBlock：添加选择语言的功能\"}]}]},{\"type\":\"listItem\",\"content\":[{\"type\":\"paragraph\",\"content\":[{\"type\":\"text\",\"text\":\"HardBreak\"}]}]},{\"type\":\"listItem\",\"content\":[{\"type\":\"paragraph\",\"content\":[{\"type\":\"text\",\"text\":\"Heading\"}]}]},{\"type\":\"listItem\",\"content\":[{\"type\":\"paragraph\",\"content\":[{\"type\":\"text\",\"text\":\"HorizontalRule\"}]}]},{\"type\":\"listItem\",\"content\":[{\"type\":\"paragraph\",\"content\":[{\"type\":\"text\",\"text\":\"Image：添加了浮动的修改框\"}]}]},{\"type\":\"listItem\",\"content\":[{\"type\":\"paragraph\",\"content\":[{\"type\":\"text\",\"text\":\"OrderedList\"}]}]},{\"type\":\"listItem\",\"content\":[{\"type\":\"paragraph\",\"content\":[{\"type\":\"text\",\"text\":\"Table：添加了浮动的操作菜单\"}]}]},{\"type\":\"listItem\",\"content\":[{\"type\":\"paragraph\",\"content\":[{\"type\":\"text\",\"text\":\"TableCell\"}]}]},{\"type\":\"listItem\",\"content\":[{\"type\":\"paragraph\",\"content\":[{\"type\":\"text\",\"text\":\"TableHeader\"}]}]},{\"type\":\"listItem\",\"content\":[{\"type\":\"paragraph\",\"content\":[{\"type\":\"text\",\"text\":\"TableRow\"}]}]},{\"type\":\"listItem\",\"content\":[{\"type\":\"paragraph\",\"content\":[{\"type\":\"text\",\"text\":\"TaskList\"}]}]},{\"type\":\"listItem\",\"content\":[{\"type\":\"paragraph\",\"content\":[{\"type\":\"text\",\"text\":\"TaskItem\"}]}]}]},{\"type\":\"heading\",\"attrs\":{\"level\":3},\"content\":[{\"type\":\"text\",\"text\":\"Marks\"}]},{\"type\":\"bulletList\",\"content\":[{\"type\":\"listItem\",\"content\":[{\"type\":\"paragraph\",\"content\":[{\"type\":\"text\",\"text\":\"Bold\"}]}]},{\"type\":\"listItem\",\"content\":[{\"type\":\"paragraph\",\"content\":[{\"type\":\"text\",\"text\":\"Code\"}]}]},{\"type\":\"listItem\",\"content\":[{\"type\":\"paragraph\",\"content\":[{\"type\":\"text\",\"text\":\"Highlight\"}]}]},{\"type\":\"listItem\",\"content\":[{\"type\":\"paragraph\",\"content\":[{\"type\":\"text\",\"text\":\"Italic\"}]}]},{\"type\":\"listItem\",\"content\":[{\"type\":\"paragraph\",\"content\":[{\"type\":\"text\",\"text\":\"Link：添加了浮动的修改框\"}]}]},{\"type\":\"listItem\",\"content\":[{\"type\":\"paragraph\",\"content\":[{\"type\":\"text\",\"text\":\"Strike\"}]}]}]},{\"type\":\"heading\",\"attrs\":{\"level\":1},\"content\":[{\"type\":\"text\",\"text\":\"Heading 1\"}]},{\"type\":\"heading\",\"attrs\":{\"level\":2},\"content\":[{\"type\":\"text\",\"text\":\"Heading 2\"}]},{\"type\":\"heading\",\"attrs\":{\"level\":3},\"content\":[{\"type\":\"text\",\"text\":\"Heading 3\"}]},{\"type\":\"heading\",\"attrs\":{\"level\":4},\"content\":[{\"type\":\"text\",\"text\":\"Heading 4\"}]},{\"type\":\"heading\",\"attrs\":{\"level\":5},\"content\":[{\"type\":\"text\",\"text\":\"Heading 5\"}]},{\"type\":\"heading\",\"attrs\":{\"level\":6},\"content\":[{\"type\":\"text\",\"text\":\"Heading 6\"}]},{\"type\":\"codeBlock\",\"attrs\":{\"language\":\"markdown\"},\"content\":[{\"type\":\"text\",\"text\":\"# heading 1\\n## heading 2\\n### heading 3\\n#### heading 4\\n##### heading 5\\n###### heading 6\"}]},{\"type\":\"paragraph\",\"content\":[{\"type\":\"text\",\"marks\":[{\"type\":\"bold\"}],\"text\":\"bold\"},{\"type\":\"text\",\"text\":\" \"},{\"type\":\"text\",\"marks\":[{\"type\":\"code\"}],\"text\":\"code\"},{\"type\":\"text\",\"text\":\" \"},{\"type\":\"text\",\"marks\":[{\"type\":\"italic\"}],\"text\":\"italic\"},{\"type\":\"text\",\"text\":\" \"},{\"type\":\"text\",\"marks\":[{\"type\":\"link\",\"attrs\":{\"href\":\"https://github.com/syfxlin/tiptap-starter-kit\",\"target\":\"_blank\"}}],\"text\":\"link\"},{\"type\":\"text\",\"text\":\" \"},{\"type\":\"text\",\"marks\":[{\"type\":\"strike\"}],\"text\":\"strike\"},{\"type\":\"text\",\"text\":\" \"},{\"type\":\"text\",\"marks\":[{\"type\":\"highlight\"}],\"text\":\"highlight\"}]},{\"type\":\"codeBlock\",\"attrs\":{\"language\":\"markdown\"},\"content\":[{\"type\":\"text\",\"text\":\"**bold** `code` *italic* [link](https://github.com/syfxlin/tiptap-starter-kit)\"}]},{\"type\":\"orderedList\",\"attrs\":{\"start\":1},\"content\":[{\"type\":\"listItem\",\"content\":[{\"type\":\"paragraph\",\"content\":[{\"type\":\"text\",\"text\":\"item 1\"}]}]},{\"type\":\"listItem\",\"content\":[{\"type\":\"paragraph\",\"content\":[{\"type\":\"text\",\"text\":\"item 2\"}]},{\"type\":\"orderedList\",\"attrs\":{\"start\":1},\"content\":[{\"type\":\"listItem\",\"content\":[{\"type\":\"paragraph\",\"content\":[{\"type\":\"text\",\"text\":\"item 3\"}]},{\"type\":\"orderedList\",\"attrs\":{\"start\":1},\"content\":[{\"type\":\"listItem\",\"content\":[{\"type\":\"paragraph\",\"content\":[{\"type\":\"text\",\"text\":\"item 4\"}]}]}]}]}]}]},{\"type\":\"listItem\",\"content\":[{\"type\":\"paragraph\",\"content\":[{\"type\":\"text\",\"text\":\"item 5\"}]}]}]},{\"type\":\"bulletList\",\"content\":[{\"type\":\"listItem\",\"content\":[{\"type\":\"paragraph\",\"content\":[{\"type\":\"text\",\"text\":\"item 1\"}]}]},{\"type\":\"listItem\",\"content\":[{\"type\":\"paragraph\",\"content\":[{\"type\":\"text\",\"text\":\"item 2\"}]},{\"type\":\"bulletList\",\"content\":[{\"type\":\"listItem\",\"content\":[{\"type\":\"paragraph\",\"content\":[{\"type\":\"text\",\"text\":\"item 3\"}]},{\"type\":\"bulletList\",\"content\":[{\"type\":\"listItem\",\"content\":[{\"type\":\"paragraph\",\"content\":[{\"type\":\"text\",\"text\":\"item 4\"}]}]}]}]}]}]},{\"type\":\"listItem\",\"content\":[{\"type\":\"paragraph\",\"content\":[{\"type\":\"text\",\"text\":\"item 5\"}]}]}]},{\"type\":\"taskList\",\"content\":[{\"type\":\"taskItem\",\"attrs\":{\"checked\":false},\"content\":[{\"type\":\"paragraph\",\"content\":[{\"type\":\"text\",\"text\":\"item 1\"}]}]},{\"type\":\"taskItem\",\"attrs\":{\"checked\":false},\"content\":[{\"type\":\"paragraph\",\"content\":[{\"type\":\"text\",\"text\":\"item 2\"}]},{\"type\":\"taskList\",\"content\":[{\"type\":\"taskItem\",\"attrs\":{\"checked\":true},\"content\":[{\"type\":\"paragraph\",\"content\":[{\"type\":\"text\",\"text\":\"item 3\"}]},{\"type\":\"taskList\",\"content\":[{\"type\":\"taskItem\",\"attrs\":{\"checked\":false},\"content\":[{\"type\":\"paragraph\",\"content\":[{\"type\":\"text\",\"text\":\"item 4\"}]}]}]}]}]}]},{\"type\":\"taskItem\",\"attrs\":{\"checked\":false},\"content\":[{\"type\":\"paragraph\",\"content\":[{\"type\":\"text\",\"text\":\"item 5\"}]}]}]},{\"type\":\"codeBlock\",\"attrs\":{\"language\":\"markdown\"},\"content\":[{\"type\":\"text\",\"text\":\"1.  item 1\\n2.  item 2\\n    1.  item 3\\n        1.  item 4\\n3.  item 5\\n\\n*   item 1\\n*   item 2\\n    *   item 3\\n        *   item 4\\n*   item 5\\n\\n*   [ ] item 1\\n*   [ ] item 2\\n    *   [x] item 3\\n        *   [ ] item 4\\n*   [ ] item 5\"}]},{\"type\":\"paragraph\",\"content\":[{\"type\":\"image\",\"attrs\":{\"src\":\"https://ixk.me/bg.jpg\",\"alt\":\"\",\"title\":\"\"}},{\"type\":\"audio\",\"attrs\":{\"src\":\"https://lab.ixk.me/assets/media/Summer.mp3\",\"title\":\"\"}}]},{\"type\":\"paragraph\",\"content\":[{\"type\":\"video\",\"attrs\":{\"src\":\"https://lab.ixk.me/assets/media/movie.mp4\",\"title\":\"\"}}]},{\"type\":\"codeBlock\",\"attrs\":{\"language\":\"markdown\"},\"content\":[{\"type\":\"text\",\"text\":\"![](https://ixk.me/bg.jpg)\\n:audio{src=\\\"https://lab.ixk.me/assets/media/Summer.mp3\\\"}\\n:video{src=\\\"https://lab.ixk.me/assets/media/movie.mp4\\\"}\"}]},{\"type\":\"blockquote\",\"content\":[{\"type\":\"paragraph\",\"content\":[{\"type\":\"text\",\"text\":\"blockquote\"}]}]},{\"type\":\"codeBlock\",\"attrs\":{\"language\":\"javascript\"},\"content\":[{\"type\":\"text\",\"text\":\"const this = \\\"coeeBlock\\\";\"}]},{\"type\":\"paragraph\",\"content\":[{\"type\":\"mathInline\",\"attrs\":{\"value\":\"E = mc^2\"}}]},{\"type\":\"mathBlock\",\"content\":[{\"type\":\"text\",\"text\":\"E = mc^2\"}]},{\"type\":\"horizontalRule\"},{\"type\":\"table\",\"content\":[{\"type\":\"tableRow\",\"content\":[{\"type\":\"tableHeader\",\"attrs\":{\"colspan\":1,\"rowspan\":1,\"colwidth\":null},\"content\":[{\"type\":\"paragraph\",\"content\":[{\"type\":\"text\",\"text\":\"Header\"}]}]},{\"type\":\"tableHeader\",\"attrs\":{\"colspan\":1,\"rowspan\":1,\"colwidth\":null},\"content\":[{\"type\":\"paragraph\",\"content\":[{\"type\":\"text\",\"text\":\"Header\"}]}]},{\"type\":\"tableHeader\",\"attrs\":{\"colspan\":1,\"rowspan\":1,\"colwidth\":null},\"content\":[{\"type\":\"paragraph\",\"content\":[{\"type\":\"text\",\"text\":\"Header\"}]}]}]},{\"type\":\"tableRow\",\"content\":[{\"type\":\"tableCell\",\"attrs\":{\"colspan\":1,\"rowspan\":1,\"colwidth\":null},\"content\":[{\"type\":\"paragraph\",\"content\":[{\"type\":\"text\",\"text\":\"Content\"}]}]},{\"type\":\"tableCell\",\"attrs\":{\"colspan\":1,\"rowspan\":1,\"colwidth\":null},\"content\":[{\"type\":\"paragraph\",\"content\":[{\"type\":\"text\",\"text\":\"Content\"}]}]},{\"type\":\"tableCell\",\"attrs\":{\"colspan\":1,\"rowspan\":1,\"colwidth\":null},\"content\":[{\"type\":\"paragraph\"}]}]},{\"type\":\"tableRow\",\"content\":[{\"type\":\"tableCell\",\"attrs\":{\"colspan\":1,\"rowspan\":1,\"colwidth\":null},\"content\":[{\"type\":\"paragraph\",\"content\":[{\"type\":\"text\",\"text\":\"Content\"}]}]},{\"type\":\"tableCell\",\"attrs\":{\"colspan\":1,\"rowspan\":1,\"colwidth\":null},\"content\":[{\"type\":\"paragraph\"}]},{\"type\":\"tableCell\",\"attrs\":{\"colspan\":1,\"rowspan\":1,\"colwidth\":null},\"content\":[{\"type\":\"paragraph\"}]}]}]},{\"type\":\"details\",\"attrs\":{\"open\":\"\",\"summary\":\"summary\"},\"content\":[{\"type\":\"paragraph\",\"content\":[{\"type\":\"text\",\"text\":\"content\"}]}]},{\"type\":\"diagram\",\"content\":[{\"type\":\"text\",\"text\":\"graph TD;\\n    A --> B;\"}]},{\"type\":\"codeBlock\",\"attrs\":{\"language\":\"markdown\"},\"content\":[{\"type\":\"text\",\"text\":\"> blockquote\\n\\n```javascript\\nconst this = \\\"coeeBlock\\\";\\n```\\n\\n$E = mc^2$\\n\\n$$\\nE = mc^2\\n$$\\n\\n***\\n\\n| Header  | Header  | Header |\\n| ------- | ------- | ------ |\\n| Content | Content |        |\\n| Content |         |        |\\n\\n:::details{open=\\\"true\\\" summary=\\\"summary\\\"}\\ncontent\\n:::\\n\\n:::diagram\\ngraph TD;\\n    A --> B;\\n:::\"}]},{\"type\":\"embed\",\"attrs\":{\"src\":\"https://ixk.me\",\"title\":\"My Homepage\"}},{\"type\":\"embed\",\"attrs\":{\"src\":\"https://gist.github.com/syfxlin/bef0c2f70beee99061f1612968a3e085\",\"title\":\"Weekly development breakdown\"}},{\"type\":\"codeBlock\",\"attrs\":{\"language\":\"markdown\"},\"content\":[{\"type\":\"text\",\"text\":\":embed{src=\\\"https://ixk.me\\\" title=\\\"My Homepage\\\"}\\n:embed{src=\\\"https://gist.github.com/syfxlin/bef0c2f70beee99061f1612968a3e085\\\" title=\\\"Weekly development breakdown\\\"}\\n// default support airtable, codepen, codesandbox, draw.io, gist, google docs, office\"}]}]}','2021-11-28 23:59:42.637157',8,'619fc3889d5f264f6f32d3d2','{\"cover\":\"https://images.pexels.com/photos/10278313/pexels-photo-10278313.jpeg\"}','tada','Hello, Hoshi-Note'),('61a3a92b18c9feb51acb7e77','{\"type\":\"doc\",\"content\":[{\"type\":\"blockquote\",\"content\":[{\"type\":\"paragraph\",\"content\":[{\"type\":\"text\",\"text\":\"Hoshi-Note 采用富文本编辑器，\"}]}]},{\"type\":\"heading\",\"attrs\":{\"level\":2},\"content\":[{\"type\":\"text\",\"text\":\"安装 Installation\"}]},{\"type\":\"paragraph\",\"content\":[{\"type\":\"text\",\"text\":\"见 Github 仓库里的 README.md\"}]},{\"type\":\"heading\",\"attrs\":{\"level\":2},\"content\":[{\"type\":\"text\",\"text\":\"包含的扩展 Included extensions\"}]},{\"type\":\"heading\",\"attrs\":{\"level\":3},\"content\":[{\"type\":\"text\",\"text\":\"Extensions\"}]},{\"type\":\"bulletList\",\"content\":[{\"type\":\"listItem\",\"content\":[{\"type\":\"paragraph\",\"content\":[{\"type\":\"text\",\"text\":\"BlockMenu*：块菜单，也称为斜杠菜单，通过 \'/\' 字符开启菜单，用于添加 nodes。\"}]}]},{\"type\":\"listItem\",\"content\":[{\"type\":\"paragraph\",\"content\":[{\"type\":\"text\",\"text\":\"FloatMenu*：浮动菜单，选中文本开启菜单，用于将 marks 应用到文本。\"}]}]},{\"type\":\"listItem\",\"content\":[{\"type\":\"paragraph\",\"content\":[{\"type\":\"text\",\"text\":\"Clipboard*：剪贴板扩展，用于解析粘贴的 Markdown 内容，同时在复制时将内容序列化为 Markdown。\"}]}]},{\"type\":\"listItem\",\"content\":[{\"type\":\"paragraph\",\"content\":[{\"type\":\"text\",\"text\":\"Markdown*：Markdown 扩展，提供 Markdown 解析器和序列化器，使用 \"},{\"type\":\"text\",\"marks\":[{\"type\":\"link\",\"attrs\":{\"href\":\"https://github.com/remarkjs/remark\",\"target\":\"_blank\"}}],\"text\":\"remark\"},{\"type\":\"text\",\"text\":\" 处理 Markdown 语法。\"}]}]},{\"type\":\"listItem\",\"content\":[{\"type\":\"paragraph\",\"content\":[{\"type\":\"text\",\"text\":\"DropCursor\"}]}]},{\"type\":\"listItem\",\"content\":[{\"type\":\"paragraph\",\"content\":[{\"type\":\"text\",\"text\":\"GapCursor\"}]}]},{\"type\":\"listItem\",\"content\":[{\"type\":\"paragraph\",\"content\":[{\"type\":\"text\",\"text\":\"History\"}]}]}]},{\"type\":\"heading\",\"attrs\":{\"level\":3},\"content\":[{\"type\":\"text\",\"text\":\"Nodes\"}]},{\"type\":\"bulletList\",\"content\":[{\"type\":\"listItem\",\"content\":[{\"type\":\"paragraph\",\"content\":[{\"type\":\"text\",\"text\":\"Emoji*：表情扩展，将 Gemoji 解析为对应 Unicode 字符，同时提供了搜索、选择表情的功能，使用 \'::\' 打开。\"}]}]},{\"type\":\"listItem\",\"content\":[{\"type\":\"paragraph\",\"content\":[{\"type\":\"text\",\"text\":\"MathInline*：行内公式，提供渲染 \"},{\"type\":\"text\",\"marks\":[{\"type\":\"link\",\"attrs\":{\"href\":\"https://katex.org/\",\"target\":\"_blank\"}}],\"text\":\"Katex\"},{\"type\":\"text\",\"text\":\" 公式的功能。\"}]}]},{\"type\":\"listItem\",\"content\":[{\"type\":\"paragraph\",\"content\":[{\"type\":\"text\",\"text\":\"MathBlock*：公式块，提供渲染 \"},{\"type\":\"text\",\"marks\":[{\"type\":\"link\",\"attrs\":{\"href\":\"https://katex.org/\",\"target\":\"_blank\"}}],\"text\":\"Katex\"},{\"type\":\"text\",\"text\":\" 公式的功能。\"}]}]},{\"type\":\"listItem\",\"content\":[{\"type\":\"paragraph\",\"content\":[{\"type\":\"text\",\"text\":\"Diagram*：图表块，提供渲染 \"},{\"type\":\"text\",\"marks\":[{\"type\":\"link\",\"attrs\":{\"href\":\"https://mermaid-js.github.io/mermaid/#/\",\"target\":\"_blank\"}}],\"text\":\"Mermaid\"},{\"type\":\"text\",\"text\":\" 图标的功能。\"}]}]},{\"type\":\"listItem\",\"content\":[{\"type\":\"paragraph\",\"content\":[{\"type\":\"text\",\"text\":\"Audio*：音频块。\"}]}]},{\"type\":\"listItem\",\"content\":[{\"type\":\"paragraph\",\"content\":[{\"type\":\"text\",\"text\":\"Video*：视频块。\"}]}]},{\"type\":\"listItem\",\"content\":[{\"type\":\"paragraph\",\"content\":[{\"type\":\"text\",\"text\":\"Details*：折叠内容块。\"}]}]},{\"type\":\"listItem\",\"content\":[{\"type\":\"paragraph\",\"content\":[{\"type\":\"text\",\"text\":\"Embed*：嵌入块，提供嵌入网页的功能。\"}]}]},{\"type\":\"listItem\",\"content\":[{\"type\":\"paragraph\",\"content\":[{\"type\":\"text\",\"text\":\"Document\"}]}]},{\"type\":\"listItem\",\"content\":[{\"type\":\"paragraph\",\"content\":[{\"type\":\"text\",\"text\":\"Paragraph\"}]}]},{\"type\":\"listItem\",\"content\":[{\"type\":\"paragraph\",\"content\":[{\"type\":\"text\",\"text\":\"Text\"}]}]},{\"type\":\"listItem\",\"content\":[{\"type\":\"paragraph\",\"content\":[{\"type\":\"text\",\"text\":\"Blockquote\"}]}]},{\"type\":\"listItem\",\"content\":[{\"type\":\"paragraph\",\"content\":[{\"type\":\"text\",\"text\":\"BulletList\"}]}]},{\"type\":\"listItem\",\"content\":[{\"type\":\"paragraph\",\"content\":[{\"type\":\"text\",\"text\":\"ListItem\"}]}]},{\"type\":\"listItem\",\"content\":[{\"type\":\"paragraph\",\"content\":[{\"type\":\"text\",\"text\":\"CodeBlock：添加选择语言的功能\"}]}]},{\"type\":\"listItem\",\"content\":[{\"type\":\"paragraph\",\"content\":[{\"type\":\"text\",\"text\":\"HardBreak\"}]}]},{\"type\":\"listItem\",\"content\":[{\"type\":\"paragraph\",\"content\":[{\"type\":\"text\",\"text\":\"Heading\"}]}]},{\"type\":\"listItem\",\"content\":[{\"type\":\"paragraph\",\"content\":[{\"type\":\"text\",\"text\":\"HorizontalRule\"}]}]},{\"type\":\"listItem\",\"content\":[{\"type\":\"paragraph\",\"content\":[{\"type\":\"text\",\"text\":\"Image：添加了浮动的修改框\"}]}]},{\"type\":\"listItem\",\"content\":[{\"type\":\"paragraph\",\"content\":[{\"type\":\"text\",\"text\":\"OrderedList\"}]}]},{\"type\":\"listItem\",\"content\":[{\"type\":\"paragraph\",\"content\":[{\"type\":\"text\",\"text\":\"Table：添加了浮动的操作菜单\"}]}]},{\"type\":\"listItem\",\"content\":[{\"type\":\"paragraph\",\"content\":[{\"type\":\"text\",\"text\":\"TableCell\"}]}]},{\"type\":\"listItem\",\"content\":[{\"type\":\"paragraph\",\"content\":[{\"type\":\"text\",\"text\":\"TableHeader\"}]}]},{\"type\":\"listItem\",\"content\":[{\"type\":\"paragraph\",\"content\":[{\"type\":\"text\",\"text\":\"TableRow\"}]}]},{\"type\":\"listItem\",\"content\":[{\"type\":\"paragraph\",\"content\":[{\"type\":\"text\",\"text\":\"TaskList\"}]}]},{\"type\":\"listItem\",\"content\":[{\"type\":\"paragraph\",\"content\":[{\"type\":\"text\",\"text\":\"TaskItem\"}]}]}]},{\"type\":\"heading\",\"attrs\":{\"level\":3},\"content\":[{\"type\":\"text\",\"text\":\"Marks\"}]},{\"type\":\"bulletList\",\"content\":[{\"type\":\"listItem\",\"content\":[{\"type\":\"paragraph\",\"content\":[{\"type\":\"text\",\"text\":\"Bold\"}]}]},{\"type\":\"listItem\",\"content\":[{\"type\":\"paragraph\",\"content\":[{\"type\":\"text\",\"text\":\"Code\"}]}]},{\"type\":\"listItem\",\"content\":[{\"type\":\"paragraph\",\"content\":[{\"type\":\"text\",\"text\":\"Highlight\"}]}]},{\"type\":\"listItem\",\"content\":[{\"type\":\"paragraph\",\"content\":[{\"type\":\"text\",\"text\":\"Italic\"}]}]},{\"type\":\"listItem\",\"content\":[{\"type\":\"paragraph\",\"content\":[{\"type\":\"text\",\"text\":\"Link：添加了浮动的修改框\"}]}]},{\"type\":\"listItem\",\"content\":[{\"type\":\"paragraph\",\"content\":[{\"type\":\"text\",\"text\":\"Strike\"}]}]}]},{\"type\":\"heading\",\"attrs\":{\"level\":1},\"content\":[{\"type\":\"text\",\"text\":\"Heading 1\"}]},{\"type\":\"heading\",\"attrs\":{\"level\":2},\"content\":[{\"type\":\"text\",\"text\":\"Heading 2\"}]},{\"type\":\"heading\",\"attrs\":{\"level\":3},\"content\":[{\"type\":\"text\",\"text\":\"Heading 3\"}]},{\"type\":\"heading\",\"attrs\":{\"level\":4},\"content\":[{\"type\":\"text\",\"text\":\"Heading 4\"}]},{\"type\":\"heading\",\"attrs\":{\"level\":5},\"content\":[{\"type\":\"text\",\"text\":\"Heading 5\"}]},{\"type\":\"heading\",\"attrs\":{\"level\":6},\"content\":[{\"type\":\"text\",\"text\":\"Heading 6\"}]},{\"type\":\"codeBlock\",\"attrs\":{\"language\":\"markdown\"},\"content\":[{\"type\":\"text\",\"text\":\"# heading 1\\n## heading 2\\n### heading 3\\n#### heading 4\\n##### heading 5\\n###### heading 6\"}]},{\"type\":\"paragraph\",\"content\":[{\"type\":\"text\",\"marks\":[{\"type\":\"bold\"}],\"text\":\"bold\"},{\"type\":\"text\",\"text\":\" \"},{\"type\":\"text\",\"marks\":[{\"type\":\"code\"}],\"text\":\"code\"},{\"type\":\"text\",\"text\":\" \"},{\"type\":\"text\",\"marks\":[{\"type\":\"italic\"}],\"text\":\"italic\"},{\"type\":\"text\",\"text\":\" \"},{\"type\":\"text\",\"marks\":[{\"type\":\"link\",\"attrs\":{\"href\":\"https://github.com/syfxlin/tiptap-starter-kit\",\"target\":\"_blank\"}}],\"text\":\"link\"},{\"type\":\"text\",\"text\":\" \"},{\"type\":\"text\",\"marks\":[{\"type\":\"strike\"}],\"text\":\"strike\"},{\"type\":\"text\",\"text\":\" \"},{\"type\":\"text\",\"marks\":[{\"type\":\"highlight\"}],\"text\":\"highlight\"}]},{\"type\":\"codeBlock\",\"attrs\":{\"language\":\"markdown\"},\"content\":[{\"type\":\"text\",\"text\":\"**bold** `code` *italic* [link](https://github.com/syfxlin/tiptap-starter-kit)\"}]},{\"type\":\"orderedList\",\"attrs\":{\"start\":1},\"content\":[{\"type\":\"listItem\",\"content\":[{\"type\":\"paragraph\",\"content\":[{\"type\":\"text\",\"text\":\"item 1\"}]}]},{\"type\":\"listItem\",\"content\":[{\"type\":\"paragraph\",\"content\":[{\"type\":\"text\",\"text\":\"item 2\"}]},{\"type\":\"orderedList\",\"attrs\":{\"start\":1},\"content\":[{\"type\":\"listItem\",\"content\":[{\"type\":\"paragraph\",\"content\":[{\"type\":\"text\",\"text\":\"item 3\"}]},{\"type\":\"orderedList\",\"attrs\":{\"start\":1},\"content\":[{\"type\":\"listItem\",\"content\":[{\"type\":\"paragraph\",\"content\":[{\"type\":\"text\",\"text\":\"item 4\"}]}]}]}]}]}]},{\"type\":\"listItem\",\"content\":[{\"type\":\"paragraph\",\"content\":[{\"type\":\"text\",\"text\":\"item 5\"}]}]}]},{\"type\":\"bulletList\",\"content\":[{\"type\":\"listItem\",\"content\":[{\"type\":\"paragraph\",\"content\":[{\"type\":\"text\",\"text\":\"item 1\"}]}]},{\"type\":\"listItem\",\"content\":[{\"type\":\"paragraph\",\"content\":[{\"type\":\"text\",\"text\":\"item 2\"}]},{\"type\":\"bulletList\",\"content\":[{\"type\":\"listItem\",\"content\":[{\"type\":\"paragraph\",\"content\":[{\"type\":\"text\",\"text\":\"item 3\"}]},{\"type\":\"bulletList\",\"content\":[{\"type\":\"listItem\",\"content\":[{\"type\":\"paragraph\",\"content\":[{\"type\":\"text\",\"text\":\"item 4\"}]}]}]}]}]}]},{\"type\":\"listItem\",\"content\":[{\"type\":\"paragraph\",\"content\":[{\"type\":\"text\",\"text\":\"item 5\"}]}]}]},{\"type\":\"taskList\",\"content\":[{\"type\":\"taskItem\",\"attrs\":{\"checked\":false},\"content\":[{\"type\":\"paragraph\",\"content\":[{\"type\":\"text\",\"text\":\"item 1\"}]}]},{\"type\":\"taskItem\",\"attrs\":{\"checked\":false},\"content\":[{\"type\":\"paragraph\",\"content\":[{\"type\":\"text\",\"text\":\"item 2\"}]},{\"type\":\"taskList\",\"content\":[{\"type\":\"taskItem\",\"attrs\":{\"checked\":true},\"content\":[{\"type\":\"paragraph\",\"content\":[{\"type\":\"text\",\"text\":\"item 3\"}]},{\"type\":\"taskList\",\"content\":[{\"type\":\"taskItem\",\"attrs\":{\"checked\":false},\"content\":[{\"type\":\"paragraph\",\"content\":[{\"type\":\"text\",\"text\":\"item 4\"}]}]}]}]}]}]},{\"type\":\"taskItem\",\"attrs\":{\"checked\":false},\"content\":[{\"type\":\"paragraph\",\"content\":[{\"type\":\"text\",\"text\":\"item 5\"}]}]}]},{\"type\":\"codeBlock\",\"attrs\":{\"language\":\"markdown\"},\"content\":[{\"type\":\"text\",\"text\":\"1.  item 1\\n2.  item 2\\n    1.  item 3\\n        1.  item 4\\n3.  item 5\\n\\n*   item 1\\n*   item 2\\n    *   item 3\\n        *   item 4\\n*   item 5\\n\\n*   [ ] item 1\\n*   [ ] item 2\\n    *   [x] item 3\\n        *   [ ] item 4\\n*   [ ] item 5\"}]},{\"type\":\"paragraph\",\"content\":[{\"type\":\"image\",\"attrs\":{\"src\":\"https://ixk.me/bg.jpg\",\"alt\":\"\",\"title\":\"\"}},{\"type\":\"audio\",\"attrs\":{\"src\":\"https://lab.ixk.me/assets/media/Summer.mp3\",\"title\":\"\"}}]},{\"type\":\"paragraph\",\"content\":[{\"type\":\"video\",\"attrs\":{\"src\":\"https://lab.ixk.me/assets/media/movie.mp4\",\"title\":\"\"}}]},{\"type\":\"codeBlock\",\"attrs\":{\"language\":\"markdown\"},\"content\":[{\"type\":\"text\",\"text\":\"![](https://ixk.me/bg.jpg)\\n:audio{src=\\\"https://lab.ixk.me/assets/media/Summer.mp3\\\"}\\n:video{src=\\\"https://lab.ixk.me/assets/media/movie.mp4\\\"}\"}]},{\"type\":\"blockquote\",\"content\":[{\"type\":\"paragraph\",\"content\":[{\"type\":\"text\",\"text\":\"blockquote\"}]}]},{\"type\":\"codeBlock\",\"attrs\":{\"language\":\"javascript\"},\"content\":[{\"type\":\"text\",\"text\":\"const this = \\\"coeeBlock\\\";\"}]},{\"type\":\"paragraph\",\"content\":[{\"type\":\"mathInline\",\"attrs\":{\"value\":\"E = mc^2\"}}]},{\"type\":\"mathBlock\",\"content\":[{\"type\":\"text\",\"text\":\"E = mc^2\"}]},{\"type\":\"horizontalRule\"},{\"type\":\"table\",\"content\":[{\"type\":\"tableRow\",\"content\":[{\"type\":\"tableHeader\",\"attrs\":{\"colspan\":1,\"rowspan\":1,\"colwidth\":null},\"content\":[{\"type\":\"paragraph\",\"content\":[{\"type\":\"text\",\"text\":\"Header\"}]}]},{\"type\":\"tableHeader\",\"attrs\":{\"colspan\":1,\"rowspan\":1,\"colwidth\":null},\"content\":[{\"type\":\"paragraph\",\"content\":[{\"type\":\"text\",\"text\":\"Header\"}]}]},{\"type\":\"tableHeader\",\"attrs\":{\"colspan\":1,\"rowspan\":1,\"colwidth\":null},\"content\":[{\"type\":\"paragraph\",\"content\":[{\"type\":\"text\",\"text\":\"Header\"}]}]}]},{\"type\":\"tableRow\",\"content\":[{\"type\":\"tableCell\",\"attrs\":{\"colspan\":1,\"rowspan\":1,\"colwidth\":null},\"content\":[{\"type\":\"paragraph\",\"content\":[{\"type\":\"text\",\"text\":\"Content\"}]}]},{\"type\":\"tableCell\",\"attrs\":{\"colspan\":1,\"rowspan\":1,\"colwidth\":null},\"content\":[{\"type\":\"paragraph\",\"content\":[{\"type\":\"text\",\"text\":\"Content\"}]}]},{\"type\":\"tableCell\",\"attrs\":{\"colspan\":1,\"rowspan\":1,\"colwidth\":null},\"content\":[{\"type\":\"paragraph\"}]}]},{\"type\":\"tableRow\",\"content\":[{\"type\":\"tableCell\",\"attrs\":{\"colspan\":1,\"rowspan\":1,\"colwidth\":null},\"content\":[{\"type\":\"paragraph\",\"content\":[{\"type\":\"text\",\"text\":\"Content\"}]}]},{\"type\":\"tableCell\",\"attrs\":{\"colspan\":1,\"rowspan\":1,\"colwidth\":null},\"content\":[{\"type\":\"paragraph\"}]},{\"type\":\"tableCell\",\"attrs\":{\"colspan\":1,\"rowspan\":1,\"colwidth\":null},\"content\":[{\"type\":\"paragraph\"}]}]}]},{\"type\":\"details\",\"attrs\":{\"open\":\"\",\"summary\":\"summary\"},\"content\":[{\"type\":\"paragraph\",\"content\":[{\"type\":\"text\",\"text\":\"content\"}]}]},{\"type\":\"diagram\",\"content\":[{\"type\":\"text\",\"text\":\"graph TD;\\n    A --> B;\"}]},{\"type\":\"codeBlock\",\"attrs\":{\"language\":\"markdown\"},\"content\":[{\"type\":\"text\",\"text\":\"> blockquote\\n\\n```javascript\\nconst this = \\\"coeeBlock\\\";\\n```\\n\\n$E = mc^2$\\n\\n$$\\nE = mc^2\\n$$\\n\\n***\\n\\n| Header  | Header  | Header |\\n| ------- | ------- | ------ |\\n| Content | Content |        |\\n| Content |         |        |\\n\\n:::details{open=\\\"true\\\" summary=\\\"summary\\\"}\\ncontent\\n:::\\n\\n:::diagram\\ngraph TD;\\n    A --> B;\\n:::\"}]},{\"type\":\"embed\",\"attrs\":{\"src\":\"https://ixk.me\",\"title\":\"My Homepage\"}},{\"type\":\"embed\",\"attrs\":{\"src\":\"https://gist.github.com/syfxlin/bef0c2f70beee99061f1612968a3e085\",\"title\":\"Weekly development breakdown\"}},{\"type\":\"codeBlock\",\"attrs\":{\"language\":\"markdown\"},\"content\":[{\"type\":\"text\",\"text\":\":embed{src=\\\"https://ixk.me\\\" title=\\\"My Homepage\\\"}\\n:embed{src=\\\"https://gist.github.com/syfxlin/bef0c2f70beee99061f1612968a3e085\\\" title=\\\"Weekly development breakdown\\\"}\\n// default support airtable, codepen, codesandbox, draw.io, gist, google docs, office\"}]}]}','2021-11-29 00:07:07.024082',15,'619fc3889d5f264f6f32d3d2','{\"cover\":\"https://images.pexels.com/photos/10278313/pexels-photo-10278313.jpeg\"}','tada','Hello, Hoshi-Note'),('61a3ab4218c9feb51acb7e78','{\"type\":\"doc\",\"content\":[{\"type\":\"blockquote\",\"content\":[{\"type\":\"paragraph\",\"content\":[{\"type\":\"text\",\"text\":\"Hoshi-Note 采用富文本编辑器\"}]}]},{\"type\":\"heading\",\"attrs\":{\"level\":2},\"content\":[{\"type\":\"text\",\"text\":\"安装 Installation\"}]},{\"type\":\"paragraph\",\"content\":[{\"type\":\"text\",\"text\":\"见 Github 仓库里的 README.md\"}]},{\"type\":\"heading\",\"attrs\":{\"level\":2},\"content\":[{\"type\":\"text\",\"text\":\"包含的扩展 Included extensions\"}]},{\"type\":\"heading\",\"attrs\":{\"level\":3},\"content\":[{\"type\":\"text\",\"text\":\"Extensions\"}]},{\"type\":\"bulletList\",\"content\":[{\"type\":\"listItem\",\"content\":[{\"type\":\"paragraph\",\"content\":[{\"type\":\"text\",\"text\":\"BlockMenu*：块菜单，也称为斜杠菜单，通过 \'/\' 字符开启菜单，用于添加 nodes。\"}]}]},{\"type\":\"listItem\",\"content\":[{\"type\":\"paragraph\",\"content\":[{\"type\":\"text\",\"text\":\"FloatMenu*：浮动菜单，选中文本开启菜单，用于将 marks 应用到文本。\"}]}]},{\"type\":\"listItem\",\"content\":[{\"type\":\"paragraph\",\"content\":[{\"type\":\"text\",\"text\":\"Clipboard*：剪贴板扩展，用于解析粘贴的 Markdown 内容，同时在复制时将内容序列化为 Markdown。\"}]}]},{\"type\":\"listItem\",\"content\":[{\"type\":\"paragraph\",\"content\":[{\"type\":\"text\",\"text\":\"Markdown*：Markdown 扩展，提供 Markdown 解析器和序列化器，使用 \"},{\"type\":\"text\",\"marks\":[{\"type\":\"link\",\"attrs\":{\"href\":\"https://github.com/remarkjs/remark\",\"target\":\"_blank\"}}],\"text\":\"remark\"},{\"type\":\"text\",\"text\":\" 处理 Markdown 语法。\"}]}]},{\"type\":\"listItem\",\"content\":[{\"type\":\"paragraph\",\"content\":[{\"type\":\"text\",\"text\":\"DropCursor\"}]}]},{\"type\":\"listItem\",\"content\":[{\"type\":\"paragraph\",\"content\":[{\"type\":\"text\",\"text\":\"GapCursor\"}]}]},{\"type\":\"listItem\",\"content\":[{\"type\":\"paragraph\",\"content\":[{\"type\":\"text\",\"text\":\"History\"}]}]}]},{\"type\":\"heading\",\"attrs\":{\"level\":3},\"content\":[{\"type\":\"text\",\"text\":\"Nodes\"}]},{\"type\":\"bulletList\",\"content\":[{\"type\":\"listItem\",\"content\":[{\"type\":\"paragraph\",\"content\":[{\"type\":\"text\",\"text\":\"Emoji*：表情扩展，将 Gemoji 解析为对应 Unicode 字符，同时提供了搜索、选择表情的功能，使用 \'::\' 打开。\"}]}]},{\"type\":\"listItem\",\"content\":[{\"type\":\"paragraph\",\"content\":[{\"type\":\"text\",\"text\":\"MathInline*：行内公式，提供渲染 \"},{\"type\":\"text\",\"marks\":[{\"type\":\"link\",\"attrs\":{\"href\":\"https://katex.org/\",\"target\":\"_blank\"}}],\"text\":\"Katex\"},{\"type\":\"text\",\"text\":\" 公式的功能。\"}]}]},{\"type\":\"listItem\",\"content\":[{\"type\":\"paragraph\",\"content\":[{\"type\":\"text\",\"text\":\"MathBlock*：公式块，提供渲染 \"},{\"type\":\"text\",\"marks\":[{\"type\":\"link\",\"attrs\":{\"href\":\"https://katex.org/\",\"target\":\"_blank\"}}],\"text\":\"Katex\"},{\"type\":\"text\",\"text\":\" 公式的功能。\"}]}]},{\"type\":\"listItem\",\"content\":[{\"type\":\"paragraph\",\"content\":[{\"type\":\"text\",\"text\":\"Diagram*：图表块，提供渲染 \"},{\"type\":\"text\",\"marks\":[{\"type\":\"link\",\"attrs\":{\"href\":\"https://mermaid-js.github.io/mermaid/#/\",\"target\":\"_blank\"}}],\"text\":\"Mermaid\"},{\"type\":\"text\",\"text\":\" 图标的功能。\"}]}]},{\"type\":\"listItem\",\"content\":[{\"type\":\"paragraph\",\"content\":[{\"type\":\"text\",\"text\":\"Audio*：音频块。\"}]}]},{\"type\":\"listItem\",\"content\":[{\"type\":\"paragraph\",\"content\":[{\"type\":\"text\",\"text\":\"Video*：视频块。\"}]}]},{\"type\":\"listItem\",\"content\":[{\"type\":\"paragraph\",\"content\":[{\"type\":\"text\",\"text\":\"Details*：折叠内容块。\"}]}]},{\"type\":\"listItem\",\"content\":[{\"type\":\"paragraph\",\"content\":[{\"type\":\"text\",\"text\":\"Embed*：嵌入块，提供嵌入网页的功能。\"}]}]},{\"type\":\"listItem\",\"content\":[{\"type\":\"paragraph\",\"content\":[{\"type\":\"text\",\"text\":\"Document\"}]}]},{\"type\":\"listItem\",\"content\":[{\"type\":\"paragraph\",\"content\":[{\"type\":\"text\",\"text\":\"Paragraph\"}]}]},{\"type\":\"listItem\",\"content\":[{\"type\":\"paragraph\",\"content\":[{\"type\":\"text\",\"text\":\"Text\"}]}]},{\"type\":\"listItem\",\"content\":[{\"type\":\"paragraph\",\"content\":[{\"type\":\"text\",\"text\":\"Blockquote\"}]}]},{\"type\":\"listItem\",\"content\":[{\"type\":\"paragraph\",\"content\":[{\"type\":\"text\",\"text\":\"BulletList\"}]}]},{\"type\":\"listItem\",\"content\":[{\"type\":\"paragraph\",\"content\":[{\"type\":\"text\",\"text\":\"ListItem\"}]}]},{\"type\":\"listItem\",\"content\":[{\"type\":\"paragraph\",\"content\":[{\"type\":\"text\",\"text\":\"CodeBlock：添加选择语言的功能\"}]}]},{\"type\":\"listItem\",\"content\":[{\"type\":\"paragraph\",\"content\":[{\"type\":\"text\",\"text\":\"HardBreak\"}]}]},{\"type\":\"listItem\",\"content\":[{\"type\":\"paragraph\",\"content\":[{\"type\":\"text\",\"text\":\"Heading\"}]}]},{\"type\":\"listItem\",\"content\":[{\"type\":\"paragraph\",\"content\":[{\"type\":\"text\",\"text\":\"HorizontalRule\"}]}]},{\"type\":\"listItem\",\"content\":[{\"type\":\"paragraph\",\"content\":[{\"type\":\"text\",\"text\":\"Image：添加了浮动的修改框\"}]}]},{\"type\":\"listItem\",\"content\":[{\"type\":\"paragraph\",\"content\":[{\"type\":\"text\",\"text\":\"OrderedList\"}]}]},{\"type\":\"listItem\",\"content\":[{\"type\":\"paragraph\",\"content\":[{\"type\":\"text\",\"text\":\"Table：添加了浮动的操作菜单\"}]}]},{\"type\":\"listItem\",\"content\":[{\"type\":\"paragraph\",\"content\":[{\"type\":\"text\",\"text\":\"TableCell\"}]}]},{\"type\":\"listItem\",\"content\":[{\"type\":\"paragraph\",\"content\":[{\"type\":\"text\",\"text\":\"TableHeader\"}]}]},{\"type\":\"listItem\",\"content\":[{\"type\":\"paragraph\",\"content\":[{\"type\":\"text\",\"text\":\"TableRow\"}]}]},{\"type\":\"listItem\",\"content\":[{\"type\":\"paragraph\",\"content\":[{\"type\":\"text\",\"text\":\"TaskList\"}]}]},{\"type\":\"listItem\",\"content\":[{\"type\":\"paragraph\",\"content\":[{\"type\":\"text\",\"text\":\"TaskItem\"}]}]}]},{\"type\":\"heading\",\"attrs\":{\"level\":3},\"content\":[{\"type\":\"text\",\"text\":\"Marks\"}]},{\"type\":\"bulletList\",\"content\":[{\"type\":\"listItem\",\"content\":[{\"type\":\"paragraph\",\"content\":[{\"type\":\"text\",\"text\":\"Bold\"}]}]},{\"type\":\"listItem\",\"content\":[{\"type\":\"paragraph\",\"content\":[{\"type\":\"text\",\"text\":\"Code\"}]}]},{\"type\":\"listItem\",\"content\":[{\"type\":\"paragraph\",\"content\":[{\"type\":\"text\",\"text\":\"Highlight\"}]}]},{\"type\":\"listItem\",\"content\":[{\"type\":\"paragraph\",\"content\":[{\"type\":\"text\",\"text\":\"Italic\"}]}]},{\"type\":\"listItem\",\"content\":[{\"type\":\"paragraph\",\"content\":[{\"type\":\"text\",\"text\":\"Link：添加了浮动的修改框\"}]}]},{\"type\":\"listItem\",\"content\":[{\"type\":\"paragraph\",\"content\":[{\"type\":\"text\",\"text\":\"Strike\"}]}]}]},{\"type\":\"heading\",\"attrs\":{\"level\":1},\"content\":[{\"type\":\"text\",\"text\":\"Heading 1\"}]},{\"type\":\"heading\",\"attrs\":{\"level\":2},\"content\":[{\"type\":\"text\",\"text\":\"Heading 2\"}]},{\"type\":\"heading\",\"attrs\":{\"level\":3},\"content\":[{\"type\":\"text\",\"text\":\"Heading 3\"}]},{\"type\":\"heading\",\"attrs\":{\"level\":4},\"content\":[{\"type\":\"text\",\"text\":\"Heading 4\"}]},{\"type\":\"heading\",\"attrs\":{\"level\":5},\"content\":[{\"type\":\"text\",\"text\":\"Heading 5\"}]},{\"type\":\"heading\",\"attrs\":{\"level\":6},\"content\":[{\"type\":\"text\",\"text\":\"Heading 6\"}]},{\"type\":\"codeBlock\",\"attrs\":{\"language\":\"markdown\"},\"content\":[{\"type\":\"text\",\"text\":\"# heading 1\\n## heading 2\\n### heading 3\\n#### heading 4\\n##### heading 5\\n###### heading 6\"}]},{\"type\":\"paragraph\",\"content\":[{\"type\":\"text\",\"marks\":[{\"type\":\"bold\"}],\"text\":\"bold\"},{\"type\":\"text\",\"text\":\" \"},{\"type\":\"text\",\"marks\":[{\"type\":\"code\"}],\"text\":\"code\"},{\"type\":\"text\",\"text\":\" \"},{\"type\":\"text\",\"marks\":[{\"type\":\"italic\"}],\"text\":\"italic\"},{\"type\":\"text\",\"text\":\" \"},{\"type\":\"text\",\"marks\":[{\"type\":\"link\",\"attrs\":{\"href\":\"https://github.com/syfxlin/tiptap-starter-kit\",\"target\":\"_blank\"}}],\"text\":\"link\"},{\"type\":\"text\",\"text\":\" \"},{\"type\":\"text\",\"marks\":[{\"type\":\"strike\"}],\"text\":\"strike\"},{\"type\":\"text\",\"text\":\" \"},{\"type\":\"text\",\"marks\":[{\"type\":\"highlight\"}],\"text\":\"highlight\"}]},{\"type\":\"codeBlock\",\"attrs\":{\"language\":\"markdown\"},\"content\":[{\"type\":\"text\",\"text\":\"**bold** `code` *italic* [link](https://github.com/syfxlin/tiptap-starter-kit)\"}]},{\"type\":\"orderedList\",\"attrs\":{\"start\":1},\"content\":[{\"type\":\"listItem\",\"content\":[{\"type\":\"paragraph\",\"content\":[{\"type\":\"text\",\"text\":\"item 1\"}]}]},{\"type\":\"listItem\",\"content\":[{\"type\":\"paragraph\",\"content\":[{\"type\":\"text\",\"text\":\"item 2\"}]},{\"type\":\"orderedList\",\"attrs\":{\"start\":1},\"content\":[{\"type\":\"listItem\",\"content\":[{\"type\":\"paragraph\",\"content\":[{\"type\":\"text\",\"text\":\"item 3\"}]},{\"type\":\"orderedList\",\"attrs\":{\"start\":1},\"content\":[{\"type\":\"listItem\",\"content\":[{\"type\":\"paragraph\",\"content\":[{\"type\":\"text\",\"text\":\"item 4\"}]}]}]}]}]}]},{\"type\":\"listItem\",\"content\":[{\"type\":\"paragraph\",\"content\":[{\"type\":\"text\",\"text\":\"item 5\"}]}]}]},{\"type\":\"bulletList\",\"content\":[{\"type\":\"listItem\",\"content\":[{\"type\":\"paragraph\",\"content\":[{\"type\":\"text\",\"text\":\"item 1\"}]}]},{\"type\":\"listItem\",\"content\":[{\"type\":\"paragraph\",\"content\":[{\"type\":\"text\",\"text\":\"item 2\"}]},{\"type\":\"bulletList\",\"content\":[{\"type\":\"listItem\",\"content\":[{\"type\":\"paragraph\",\"content\":[{\"type\":\"text\",\"text\":\"item 3\"}]},{\"type\":\"bulletList\",\"content\":[{\"type\":\"listItem\",\"content\":[{\"type\":\"paragraph\",\"content\":[{\"type\":\"text\",\"text\":\"item 4\"}]}]}]}]}]}]},{\"type\":\"listItem\",\"content\":[{\"type\":\"paragraph\",\"content\":[{\"type\":\"text\",\"text\":\"item 5\"}]}]}]},{\"type\":\"taskList\",\"content\":[{\"type\":\"taskItem\",\"attrs\":{\"checked\":false},\"content\":[{\"type\":\"paragraph\",\"content\":[{\"type\":\"text\",\"text\":\"item 1\"}]}]},{\"type\":\"taskItem\",\"attrs\":{\"checked\":false},\"content\":[{\"type\":\"paragraph\",\"content\":[{\"type\":\"text\",\"text\":\"item 2\"}]},{\"type\":\"taskList\",\"content\":[{\"type\":\"taskItem\",\"attrs\":{\"checked\":true},\"content\":[{\"type\":\"paragraph\",\"content\":[{\"type\":\"text\",\"text\":\"item 3\"}]},{\"type\":\"taskList\",\"content\":[{\"type\":\"taskItem\",\"attrs\":{\"checked\":false},\"content\":[{\"type\":\"paragraph\",\"content\":[{\"type\":\"text\",\"text\":\"item 4\"}]}]}]}]}]}]},{\"type\":\"taskItem\",\"attrs\":{\"checked\":false},\"content\":[{\"type\":\"paragraph\",\"content\":[{\"type\":\"text\",\"text\":\"item 5\"}]}]}]},{\"type\":\"codeBlock\",\"attrs\":{\"language\":\"markdown\"},\"content\":[{\"type\":\"text\",\"text\":\"1.  item 1\\n2.  item 2\\n    1.  item 3\\n        1.  item 4\\n3.  item 5\\n\\n*   item 1\\n*   item 2\\n    *   item 3\\n        *   item 4\\n*   item 5\\n\\n*   [ ] item 1\\n*   [ ] item 2\\n    *   [x] item 3\\n        *   [ ] item 4\\n*   [ ] item 5\"}]},{\"type\":\"paragraph\",\"content\":[{\"type\":\"image\",\"attrs\":{\"src\":\"https://ixk.me/bg.jpg\",\"alt\":\"\",\"title\":\"\"}},{\"type\":\"audio\",\"attrs\":{\"src\":\"https://lab.ixk.me/assets/media/Summer.mp3\",\"title\":\"\"}}]},{\"type\":\"paragraph\",\"content\":[{\"type\":\"video\",\"attrs\":{\"src\":\"https://lab.ixk.me/assets/media/movie.mp4\",\"title\":\"\"}}]},{\"type\":\"codeBlock\",\"attrs\":{\"language\":\"markdown\"},\"content\":[{\"type\":\"text\",\"text\":\"![](https://ixk.me/bg.jpg)\\n:audio{src=\\\"https://lab.ixk.me/assets/media/Summer.mp3\\\"}\\n:video{src=\\\"https://lab.ixk.me/assets/media/movie.mp4\\\"}\"}]},{\"type\":\"blockquote\",\"content\":[{\"type\":\"paragraph\",\"content\":[{\"type\":\"text\",\"text\":\"blockquote\"}]}]},{\"type\":\"codeBlock\",\"attrs\":{\"language\":\"javascript\"},\"content\":[{\"type\":\"text\",\"text\":\"const this = \\\"coeeBlock\\\";\"}]},{\"type\":\"paragraph\",\"content\":[{\"type\":\"mathInline\",\"attrs\":{\"value\":\"E = mc^2\"}}]},{\"type\":\"mathBlock\",\"content\":[{\"type\":\"text\",\"text\":\"E = mc^2\"}]},{\"type\":\"horizontalRule\"},{\"type\":\"table\",\"content\":[{\"type\":\"tableRow\",\"content\":[{\"type\":\"tableHeader\",\"attrs\":{\"colspan\":1,\"rowspan\":1,\"colwidth\":null},\"content\":[{\"type\":\"paragraph\",\"content\":[{\"type\":\"text\",\"text\":\"Header\"}]}]},{\"type\":\"tableHeader\",\"attrs\":{\"colspan\":1,\"rowspan\":1,\"colwidth\":null},\"content\":[{\"type\":\"paragraph\",\"content\":[{\"type\":\"text\",\"text\":\"Header\"}]}]},{\"type\":\"tableHeader\",\"attrs\":{\"colspan\":1,\"rowspan\":1,\"colwidth\":null},\"content\":[{\"type\":\"paragraph\",\"content\":[{\"type\":\"text\",\"text\":\"Header\"}]}]}]},{\"type\":\"tableRow\",\"content\":[{\"type\":\"tableCell\",\"attrs\":{\"colspan\":1,\"rowspan\":1,\"colwidth\":null},\"content\":[{\"type\":\"paragraph\",\"content\":[{\"type\":\"text\",\"text\":\"Content\"}]}]},{\"type\":\"tableCell\",\"attrs\":{\"colspan\":1,\"rowspan\":1,\"colwidth\":null},\"content\":[{\"type\":\"paragraph\",\"content\":[{\"type\":\"text\",\"text\":\"Content\"}]}]},{\"type\":\"tableCell\",\"attrs\":{\"colspan\":1,\"rowspan\":1,\"colwidth\":null},\"content\":[{\"type\":\"paragraph\"}]}]},{\"type\":\"tableRow\",\"content\":[{\"type\":\"tableCell\",\"attrs\":{\"colspan\":1,\"rowspan\":1,\"colwidth\":null},\"content\":[{\"type\":\"paragraph\",\"content\":[{\"type\":\"text\",\"text\":\"Content\"}]}]},{\"type\":\"tableCell\",\"attrs\":{\"colspan\":1,\"rowspan\":1,\"colwidth\":null},\"content\":[{\"type\":\"paragraph\"}]},{\"type\":\"tableCell\",\"attrs\":{\"colspan\":1,\"rowspan\":1,\"colwidth\":null},\"content\":[{\"type\":\"paragraph\"}]}]}]},{\"type\":\"details\",\"attrs\":{\"open\":\"\",\"summary\":\"summary\"},\"content\":[{\"type\":\"paragraph\",\"content\":[{\"type\":\"text\",\"text\":\"content\"}]}]},{\"type\":\"diagram\",\"content\":[{\"type\":\"text\",\"text\":\"graph TD;\\n    A --> B;\"}]},{\"type\":\"codeBlock\",\"attrs\":{\"language\":\"markdown\"},\"content\":[{\"type\":\"text\",\"text\":\"> blockquote\\n\\n```javascript\\nconst this = \\\"coeeBlock\\\";\\n```\\n\\n$E = mc^2$\\n\\n$$\\nE = mc^2\\n$$\\n\\n***\\n\\n| Header  | Header  | Header |\\n| ------- | ------- | ------ |\\n| Content | Content |        |\\n| Content |         |        |\\n\\n:::details{open=\\\"true\\\" summary=\\\"summary\\\"}\\ncontent\\n:::\\n\\n:::diagram\\ngraph TD;\\n    A --> B;\\n:::\"}]},{\"type\":\"embed\",\"attrs\":{\"src\":\"https://ixk.me\",\"title\":\"My Homepage\"}},{\"type\":\"embed\",\"attrs\":{\"src\":\"https://gist.github.com/syfxlin/bef0c2f70beee99061f1612968a3e085\",\"title\":\"Weekly development breakdown\"}},{\"type\":\"codeBlock\",\"attrs\":{\"language\":\"markdown\"},\"content\":[{\"type\":\"text\",\"text\":\":embed{src=\\\"https://ixk.me\\\" title=\\\"My Homepage\\\"}\\n:embed{src=\\\"https://gist.github.com/syfxlin/bef0c2f70beee99061f1612968a3e085\\\" title=\\\"Weekly development breakdown\\\"}\\n// default support airtable, codepen, codesandbox, draw.io, gist, google docs, office\"}]}]}','2021-11-29 00:16:02.044852',19,'619fc3889d5f264f6f32d3d2','{\"cover\":\"https://images.pexels.com/photos/10278313/pexels-photo-10278313.jpeg\"}','tada','Hello, Hoshi-Note'),('61a3ac0818c9feb51acb7e79','{\"type\":\"doc\",\"content\":[{\"type\":\"blockquote\",\"content\":[{\"type\":\"paragraph\",\"content\":[{\"type\":\"text\",\"text\":\"Hoshi-Note 采用富文本编辑器，是\"}]}]},{\"type\":\"heading\",\"attrs\":{\"level\":2},\"content\":[{\"type\":\"text\",\"text\":\"安装 Installation\"}]},{\"type\":\"paragraph\",\"content\":[{\"type\":\"text\",\"text\":\"见 Github 仓库里的 README.md\"}]},{\"type\":\"heading\",\"attrs\":{\"level\":2},\"content\":[{\"type\":\"text\",\"text\":\"包含的扩展 Included extensions\"}]},{\"type\":\"heading\",\"attrs\":{\"level\":3},\"content\":[{\"type\":\"text\",\"text\":\"Extensions\"}]},{\"type\":\"bulletList\",\"content\":[{\"type\":\"listItem\",\"content\":[{\"type\":\"paragraph\",\"content\":[{\"type\":\"text\",\"text\":\"BlockMenu*：块菜单，也称为斜杠菜单，通过 \'/\' 字符开启菜单，用于添加 nodes。\"}]}]},{\"type\":\"listItem\",\"content\":[{\"type\":\"paragraph\",\"content\":[{\"type\":\"text\",\"text\":\"FloatMenu*：浮动菜单，选中文本开启菜单，用于将 marks 应用到文本。\"}]}]},{\"type\":\"listItem\",\"content\":[{\"type\":\"paragraph\",\"content\":[{\"type\":\"text\",\"text\":\"Clipboard*：剪贴板扩展，用于解析粘贴的 Markdown 内容，同时在复制时将内容序列化为 Markdown。\"}]}]},{\"type\":\"listItem\",\"content\":[{\"type\":\"paragraph\",\"content\":[{\"type\":\"text\",\"text\":\"Markdown*：Markdown 扩展，提供 Markdown 解析器和序列化器，使用 \"},{\"type\":\"text\",\"marks\":[{\"type\":\"link\",\"attrs\":{\"href\":\"https://github.com/remarkjs/remark\",\"target\":\"_blank\"}}],\"text\":\"remark\"},{\"type\":\"text\",\"text\":\" 处理 Markdown 语法。\"}]}]},{\"type\":\"listItem\",\"content\":[{\"type\":\"paragraph\",\"content\":[{\"type\":\"text\",\"text\":\"DropCursor\"}]}]},{\"type\":\"listItem\",\"content\":[{\"type\":\"paragraph\",\"content\":[{\"type\":\"text\",\"text\":\"GapCursor\"}]}]},{\"type\":\"listItem\",\"content\":[{\"type\":\"paragraph\",\"content\":[{\"type\":\"text\",\"text\":\"History\"}]}]}]},{\"type\":\"heading\",\"attrs\":{\"level\":3},\"content\":[{\"type\":\"text\",\"text\":\"Nodes\"}]},{\"type\":\"bulletList\",\"content\":[{\"type\":\"listItem\",\"content\":[{\"type\":\"paragraph\",\"content\":[{\"type\":\"text\",\"text\":\"Emoji*：表情扩展，将 Gemoji 解析为对应 Unicode 字符，同时提供了搜索、选择表情的功能，使用 \'::\' 打开。\"}]}]},{\"type\":\"listItem\",\"content\":[{\"type\":\"paragraph\",\"content\":[{\"type\":\"text\",\"text\":\"MathInline*：行内公式，提供渲染 \"},{\"type\":\"text\",\"marks\":[{\"type\":\"link\",\"attrs\":{\"href\":\"https://katex.org/\",\"target\":\"_blank\"}}],\"text\":\"Katex\"},{\"type\":\"text\",\"text\":\" 公式的功能。\"}]}]},{\"type\":\"listItem\",\"content\":[{\"type\":\"paragraph\",\"content\":[{\"type\":\"text\",\"text\":\"MathBlock*：公式块，提供渲染 \"},{\"type\":\"text\",\"marks\":[{\"type\":\"link\",\"attrs\":{\"href\":\"https://katex.org/\",\"target\":\"_blank\"}}],\"text\":\"Katex\"},{\"type\":\"text\",\"text\":\" 公式的功能。\"}]}]},{\"type\":\"listItem\",\"content\":[{\"type\":\"paragraph\",\"content\":[{\"type\":\"text\",\"text\":\"Diagram*：图表块，提供渲染 \"},{\"type\":\"text\",\"marks\":[{\"type\":\"link\",\"attrs\":{\"href\":\"https://mermaid-js.github.io/mermaid/#/\",\"target\":\"_blank\"}}],\"text\":\"Mermaid\"},{\"type\":\"text\",\"text\":\" 图标的功能。\"}]}]},{\"type\":\"listItem\",\"content\":[{\"type\":\"paragraph\",\"content\":[{\"type\":\"text\",\"text\":\"Audio*：音频块。\"}]}]},{\"type\":\"listItem\",\"content\":[{\"type\":\"paragraph\",\"content\":[{\"type\":\"text\",\"text\":\"Video*：视频块。\"}]}]},{\"type\":\"listItem\",\"content\":[{\"type\":\"paragraph\",\"content\":[{\"type\":\"text\",\"text\":\"Details*：折叠内容块。\"}]}]},{\"type\":\"listItem\",\"content\":[{\"type\":\"paragraph\",\"content\":[{\"type\":\"text\",\"text\":\"Embed*：嵌入块，提供嵌入网页的功能。\"}]}]},{\"type\":\"listItem\",\"content\":[{\"type\":\"paragraph\",\"content\":[{\"type\":\"text\",\"text\":\"Document\"}]}]},{\"type\":\"listItem\",\"content\":[{\"type\":\"paragraph\",\"content\":[{\"type\":\"text\",\"text\":\"Paragraph\"}]}]},{\"type\":\"listItem\",\"content\":[{\"type\":\"paragraph\",\"content\":[{\"type\":\"text\",\"text\":\"Text\"}]}]},{\"type\":\"listItem\",\"content\":[{\"type\":\"paragraph\",\"content\":[{\"type\":\"text\",\"text\":\"Blockquote\"}]}]},{\"type\":\"listItem\",\"content\":[{\"type\":\"paragraph\",\"content\":[{\"type\":\"text\",\"text\":\"BulletList\"}]}]},{\"type\":\"listItem\",\"content\":[{\"type\":\"paragraph\",\"content\":[{\"type\":\"text\",\"text\":\"ListItem\"}]}]},{\"type\":\"listItem\",\"content\":[{\"type\":\"paragraph\",\"content\":[{\"type\":\"text\",\"text\":\"CodeBlock：添加选择语言的功能\"}]}]},{\"type\":\"listItem\",\"content\":[{\"type\":\"paragraph\",\"content\":[{\"type\":\"text\",\"text\":\"HardBreak\"}]}]},{\"type\":\"listItem\",\"content\":[{\"type\":\"paragraph\",\"content\":[{\"type\":\"text\",\"text\":\"Heading\"}]}]},{\"type\":\"listItem\",\"content\":[{\"type\":\"paragraph\",\"content\":[{\"type\":\"text\",\"text\":\"HorizontalRule\"}]}]},{\"type\":\"listItem\",\"content\":[{\"type\":\"paragraph\",\"content\":[{\"type\":\"text\",\"text\":\"Image：添加了浮动的修改框\"}]}]},{\"type\":\"listItem\",\"content\":[{\"type\":\"paragraph\",\"content\":[{\"type\":\"text\",\"text\":\"OrderedList\"}]}]},{\"type\":\"listItem\",\"content\":[{\"type\":\"paragraph\",\"content\":[{\"type\":\"text\",\"text\":\"Table：添加了浮动的操作菜单\"}]}]},{\"type\":\"listItem\",\"content\":[{\"type\":\"paragraph\",\"content\":[{\"type\":\"text\",\"text\":\"TableCell\"}]}]},{\"type\":\"listItem\",\"content\":[{\"type\":\"paragraph\",\"content\":[{\"type\":\"text\",\"text\":\"TableHeader\"}]}]},{\"type\":\"listItem\",\"content\":[{\"type\":\"paragraph\",\"content\":[{\"type\":\"text\",\"text\":\"TableRow\"}]}]},{\"type\":\"listItem\",\"content\":[{\"type\":\"paragraph\",\"content\":[{\"type\":\"text\",\"text\":\"TaskList\"}]}]},{\"type\":\"listItem\",\"content\":[{\"type\":\"paragraph\",\"content\":[{\"type\":\"text\",\"text\":\"TaskItem\"}]}]}]},{\"type\":\"heading\",\"attrs\":{\"level\":3},\"content\":[{\"type\":\"text\",\"text\":\"Marks\"}]},{\"type\":\"bulletList\",\"content\":[{\"type\":\"listItem\",\"content\":[{\"type\":\"paragraph\",\"content\":[{\"type\":\"text\",\"text\":\"Bold\"}]}]},{\"type\":\"listItem\",\"content\":[{\"type\":\"paragraph\",\"content\":[{\"type\":\"text\",\"text\":\"Code\"}]}]},{\"type\":\"listItem\",\"content\":[{\"type\":\"paragraph\",\"content\":[{\"type\":\"text\",\"text\":\"Highlight\"}]}]},{\"type\":\"listItem\",\"content\":[{\"type\":\"paragraph\",\"content\":[{\"type\":\"text\",\"text\":\"Italic\"}]}]},{\"type\":\"listItem\",\"content\":[{\"type\":\"paragraph\",\"content\":[{\"type\":\"text\",\"text\":\"Link：添加了浮动的修改框\"}]}]},{\"type\":\"listItem\",\"content\":[{\"type\":\"paragraph\",\"content\":[{\"type\":\"text\",\"text\":\"Strike\"}]}]}]},{\"type\":\"heading\",\"attrs\":{\"level\":1},\"content\":[{\"type\":\"text\",\"text\":\"Heading 1\"}]},{\"type\":\"heading\",\"attrs\":{\"level\":2},\"content\":[{\"type\":\"text\",\"text\":\"Heading 2\"}]},{\"type\":\"heading\",\"attrs\":{\"level\":3},\"content\":[{\"type\":\"text\",\"text\":\"Heading 3\"}]},{\"type\":\"heading\",\"attrs\":{\"level\":4},\"content\":[{\"type\":\"text\",\"text\":\"Heading 4\"}]},{\"type\":\"heading\",\"attrs\":{\"level\":5},\"content\":[{\"type\":\"text\",\"text\":\"Heading 5\"}]},{\"type\":\"heading\",\"attrs\":{\"level\":6},\"content\":[{\"type\":\"text\",\"text\":\"Heading 6\"}]},{\"type\":\"codeBlock\",\"attrs\":{\"language\":\"markdown\"},\"content\":[{\"type\":\"text\",\"text\":\"# heading 1\\n## heading 2\\n### heading 3\\n#### heading 4\\n##### heading 5\\n###### heading 6\"}]},{\"type\":\"paragraph\",\"content\":[{\"type\":\"text\",\"marks\":[{\"type\":\"bold\"}],\"text\":\"bold\"},{\"type\":\"text\",\"text\":\" \"},{\"type\":\"text\",\"marks\":[{\"type\":\"code\"}],\"text\":\"code\"},{\"type\":\"text\",\"text\":\" \"},{\"type\":\"text\",\"marks\":[{\"type\":\"italic\"}],\"text\":\"italic\"},{\"type\":\"text\",\"text\":\" \"},{\"type\":\"text\",\"marks\":[{\"type\":\"link\",\"attrs\":{\"href\":\"https://github.com/syfxlin/tiptap-starter-kit\",\"target\":\"_blank\"}}],\"text\":\"link\"},{\"type\":\"text\",\"text\":\" \"},{\"type\":\"text\",\"marks\":[{\"type\":\"strike\"}],\"text\":\"strike\"},{\"type\":\"text\",\"text\":\" \"},{\"type\":\"text\",\"marks\":[{\"type\":\"highlight\"}],\"text\":\"highlight\"}]},{\"type\":\"codeBlock\",\"attrs\":{\"language\":\"markdown\"},\"content\":[{\"type\":\"text\",\"text\":\"**bold** `code` *italic* [link](https://github.com/syfxlin/tiptap-starter-kit)\"}]},{\"type\":\"orderedList\",\"attrs\":{\"start\":1},\"content\":[{\"type\":\"listItem\",\"content\":[{\"type\":\"paragraph\",\"content\":[{\"type\":\"text\",\"text\":\"item 1\"}]}]},{\"type\":\"listItem\",\"content\":[{\"type\":\"paragraph\",\"content\":[{\"type\":\"text\",\"text\":\"item 2\"}]},{\"type\":\"orderedList\",\"attrs\":{\"start\":1},\"content\":[{\"type\":\"listItem\",\"content\":[{\"type\":\"paragraph\",\"content\":[{\"type\":\"text\",\"text\":\"item 3\"}]},{\"type\":\"orderedList\",\"attrs\":{\"start\":1},\"content\":[{\"type\":\"listItem\",\"content\":[{\"type\":\"paragraph\",\"content\":[{\"type\":\"text\",\"text\":\"item 4\"}]}]}]}]}]}]},{\"type\":\"listItem\",\"content\":[{\"type\":\"paragraph\",\"content\":[{\"type\":\"text\",\"text\":\"item 5\"}]}]}]},{\"type\":\"bulletList\",\"content\":[{\"type\":\"listItem\",\"content\":[{\"type\":\"paragraph\",\"content\":[{\"type\":\"text\",\"text\":\"item 1\"}]}]},{\"type\":\"listItem\",\"content\":[{\"type\":\"paragraph\",\"content\":[{\"type\":\"text\",\"text\":\"item 2\"}]},{\"type\":\"bulletList\",\"content\":[{\"type\":\"listItem\",\"content\":[{\"type\":\"paragraph\",\"content\":[{\"type\":\"text\",\"text\":\"item 3\"}]},{\"type\":\"bulletList\",\"content\":[{\"type\":\"listItem\",\"content\":[{\"type\":\"paragraph\",\"content\":[{\"type\":\"text\",\"text\":\"item 4\"}]}]}]}]}]}]},{\"type\":\"listItem\",\"content\":[{\"type\":\"paragraph\",\"content\":[{\"type\":\"text\",\"text\":\"item 5\"}]}]}]},{\"type\":\"taskList\",\"content\":[{\"type\":\"taskItem\",\"attrs\":{\"checked\":false},\"content\":[{\"type\":\"paragraph\",\"content\":[{\"type\":\"text\",\"text\":\"item 1\"}]}]},{\"type\":\"taskItem\",\"attrs\":{\"checked\":false},\"content\":[{\"type\":\"paragraph\",\"content\":[{\"type\":\"text\",\"text\":\"item 2\"}]},{\"type\":\"taskList\",\"content\":[{\"type\":\"taskItem\",\"attrs\":{\"checked\":true},\"content\":[{\"type\":\"paragraph\",\"content\":[{\"type\":\"text\",\"text\":\"item 3\"}]},{\"type\":\"taskList\",\"content\":[{\"type\":\"taskItem\",\"attrs\":{\"checked\":false},\"content\":[{\"type\":\"paragraph\",\"content\":[{\"type\":\"text\",\"text\":\"item 4\"}]}]}]}]}]}]},{\"type\":\"taskItem\",\"attrs\":{\"checked\":false},\"content\":[{\"type\":\"paragraph\",\"content\":[{\"type\":\"text\",\"text\":\"item 5\"}]}]}]},{\"type\":\"codeBlock\",\"attrs\":{\"language\":\"markdown\"},\"content\":[{\"type\":\"text\",\"text\":\"1.  item 1\\n2.  item 2\\n    1.  item 3\\n        1.  item 4\\n3.  item 5\\n\\n*   item 1\\n*   item 2\\n    *   item 3\\n        *   item 4\\n*   item 5\\n\\n*   [ ] item 1\\n*   [ ] item 2\\n    *   [x] item 3\\n        *   [ ] item 4\\n*   [ ] item 5\"}]},{\"type\":\"paragraph\",\"content\":[{\"type\":\"image\",\"attrs\":{\"src\":\"https://ixk.me/bg.jpg\",\"alt\":\"\",\"title\":\"\"}},{\"type\":\"audio\",\"attrs\":{\"src\":\"https://lab.ixk.me/assets/media/Summer.mp3\",\"title\":\"\"}}]},{\"type\":\"paragraph\",\"content\":[{\"type\":\"video\",\"attrs\":{\"src\":\"https://lab.ixk.me/assets/media/movie.mp4\",\"title\":\"\"}}]},{\"type\":\"codeBlock\",\"attrs\":{\"language\":\"markdown\"},\"content\":[{\"type\":\"text\",\"text\":\"![](https://ixk.me/bg.jpg)\\n:audio{src=\\\"https://lab.ixk.me/assets/media/Summer.mp3\\\"}\\n:video{src=\\\"https://lab.ixk.me/assets/media/movie.mp4\\\"}\"}]},{\"type\":\"blockquote\",\"content\":[{\"type\":\"paragraph\",\"content\":[{\"type\":\"text\",\"text\":\"blockquote\"}]}]},{\"type\":\"codeBlock\",\"attrs\":{\"language\":\"javascript\"},\"content\":[{\"type\":\"text\",\"text\":\"const this = \\\"coeeBlock\\\";\"}]},{\"type\":\"paragraph\",\"content\":[{\"type\":\"mathInline\",\"attrs\":{\"value\":\"E = mc^2\"}}]},{\"type\":\"mathBlock\",\"content\":[{\"type\":\"text\",\"text\":\"E = mc^2\"}]},{\"type\":\"horizontalRule\"},{\"type\":\"table\",\"content\":[{\"type\":\"tableRow\",\"content\":[{\"type\":\"tableHeader\",\"attrs\":{\"colspan\":1,\"rowspan\":1,\"colwidth\":null},\"content\":[{\"type\":\"paragraph\",\"content\":[{\"type\":\"text\",\"text\":\"Header\"}]}]},{\"type\":\"tableHeader\",\"attrs\":{\"colspan\":1,\"rowspan\":1,\"colwidth\":null},\"content\":[{\"type\":\"paragraph\",\"content\":[{\"type\":\"text\",\"text\":\"Header\"}]}]},{\"type\":\"tableHeader\",\"attrs\":{\"colspan\":1,\"rowspan\":1,\"colwidth\":null},\"content\":[{\"type\":\"paragraph\",\"content\":[{\"type\":\"text\",\"text\":\"Header\"}]}]}]},{\"type\":\"tableRow\",\"content\":[{\"type\":\"tableCell\",\"attrs\":{\"colspan\":1,\"rowspan\":1,\"colwidth\":null},\"content\":[{\"type\":\"paragraph\",\"content\":[{\"type\":\"text\",\"text\":\"Content\"}]}]},{\"type\":\"tableCell\",\"attrs\":{\"colspan\":1,\"rowspan\":1,\"colwidth\":null},\"content\":[{\"type\":\"paragraph\",\"content\":[{\"type\":\"text\",\"text\":\"Content\"}]}]},{\"type\":\"tableCell\",\"attrs\":{\"colspan\":1,\"rowspan\":1,\"colwidth\":null},\"content\":[{\"type\":\"paragraph\"}]}]},{\"type\":\"tableRow\",\"content\":[{\"type\":\"tableCell\",\"attrs\":{\"colspan\":1,\"rowspan\":1,\"colwidth\":null},\"content\":[{\"type\":\"paragraph\",\"content\":[{\"type\":\"text\",\"text\":\"Content\"}]}]},{\"type\":\"tableCell\",\"attrs\":{\"colspan\":1,\"rowspan\":1,\"colwidth\":null},\"content\":[{\"type\":\"paragraph\"}]},{\"type\":\"tableCell\",\"attrs\":{\"colspan\":1,\"rowspan\":1,\"colwidth\":null},\"content\":[{\"type\":\"paragraph\"}]}]}]},{\"type\":\"details\",\"attrs\":{\"open\":\"\",\"summary\":\"summary\"},\"content\":[{\"type\":\"paragraph\",\"content\":[{\"type\":\"text\",\"text\":\"content\"}]}]},{\"type\":\"diagram\",\"content\":[{\"type\":\"text\",\"text\":\"graph TD;\\n    A --> B;\"}]},{\"type\":\"codeBlock\",\"attrs\":{\"language\":\"markdown\"},\"content\":[{\"type\":\"text\",\"text\":\"> blockquote\\n\\n```javascript\\nconst this = \\\"coeeBlock\\\";\\n```\\n\\n$E = mc^2$\\n\\n$$\\nE = mc^2\\n$$\\n\\n***\\n\\n| Header  | Header  | Header |\\n| ------- | ------- | ------ |\\n| Content | Content |        |\\n| Content |         |        |\\n\\n:::details{open=\\\"true\\\" summary=\\\"summary\\\"}\\ncontent\\n:::\\n\\n:::diagram\\ngraph TD;\\n    A --> B;\\n:::\"}]},{\"type\":\"embed\",\"attrs\":{\"src\":\"https://ixk.me\",\"title\":\"My Homepage\"}},{\"type\":\"embed\",\"attrs\":{\"src\":\"https://gist.github.com/syfxlin/bef0c2f70beee99061f1612968a3e085\",\"title\":\"Weekly development breakdown\"}},{\"type\":\"codeBlock\",\"attrs\":{\"language\":\"markdown\"},\"content\":[{\"type\":\"text\",\"text\":\":embed{src=\\\"https://ixk.me\\\" title=\\\"My Homepage\\\"}\\n:embed{src=\\\"https://gist.github.com/syfxlin/bef0c2f70beee99061f1612968a3e085\\\" title=\\\"Weekly development breakdown\\\"}\\n// default support airtable, codepen, codesandbox, draw.io, gist, google docs, office\"}]}]}','2021-11-29 00:19:20.782614',20,'619fc3889d5f264f6f32d3d2','{\"cover\":\"https://images.pexels.com/photos/10278313/pexels-photo-10278313.jpeg\"}','tada','Hello, Hoshi-Note'),('61a3ac4618c9feb51acb7e7a','{\"type\":\"doc\",\"content\":[{\"type\":\"blockquote\",\"content\":[{\"type\":\"paragraph\",\"content\":[{\"type\":\"text\",\"text\":\"Hoshi-Note 采用富文本编辑器，是面向个人使用的云笔记系统，基于 Spring Boot 和 React 工具流开发。\"}]}]},{\"type\":\"heading\",\"attrs\":{\"level\":2},\"content\":[{\"type\":\"text\",\"text\":\"安装 Installation\"}]},{\"type\":\"paragraph\",\"content\":[{\"type\":\"text\",\"text\":\"见 Github 仓库里的 README.md\"}]},{\"type\":\"heading\",\"attrs\":{\"level\":2},\"content\":[{\"type\":\"text\",\"text\":\"包含的扩展 Included extensions\"}]},{\"type\":\"heading\",\"attrs\":{\"level\":3},\"content\":[{\"type\":\"text\",\"text\":\"Extensions\"}]},{\"type\":\"bulletList\",\"content\":[{\"type\":\"listItem\",\"content\":[{\"type\":\"paragraph\",\"content\":[{\"type\":\"text\",\"text\":\"BlockMenu*：块菜单，也称为斜杠菜单，通过 \'/\' 字符开启菜单，用于添加 nodes。\"}]}]},{\"type\":\"listItem\",\"content\":[{\"type\":\"paragraph\",\"content\":[{\"type\":\"text\",\"text\":\"FloatMenu*：浮动菜单，选中文本开启菜单，用于将 marks 应用到文本。\"}]}]},{\"type\":\"listItem\",\"content\":[{\"type\":\"paragraph\",\"content\":[{\"type\":\"text\",\"text\":\"Clipboard*：剪贴板扩展，用于解析粘贴的 Markdown 内容，同时在复制时将内容序列化为 Markdown。\"}]}]},{\"type\":\"listItem\",\"content\":[{\"type\":\"paragraph\",\"content\":[{\"type\":\"text\",\"text\":\"Markdown*：Markdown 扩展，提供 Markdown 解析器和序列化器，使用 \"},{\"type\":\"text\",\"marks\":[{\"type\":\"link\",\"attrs\":{\"href\":\"https://github.com/remarkjs/remark\",\"target\":\"_blank\"}}],\"text\":\"remark\"},{\"type\":\"text\",\"text\":\" 处理 Markdown 语法。\"}]}]},{\"type\":\"listItem\",\"content\":[{\"type\":\"paragraph\",\"content\":[{\"type\":\"text\",\"text\":\"DropCursor\"}]}]},{\"type\":\"listItem\",\"content\":[{\"type\":\"paragraph\",\"content\":[{\"type\":\"text\",\"text\":\"GapCursor\"}]}]},{\"type\":\"listItem\",\"content\":[{\"type\":\"paragraph\",\"content\":[{\"type\":\"text\",\"text\":\"History\"}]}]}]},{\"type\":\"heading\",\"attrs\":{\"level\":3},\"content\":[{\"type\":\"text\",\"text\":\"Nodes\"}]},{\"type\":\"bulletList\",\"content\":[{\"type\":\"listItem\",\"content\":[{\"type\":\"paragraph\",\"content\":[{\"type\":\"text\",\"text\":\"Emoji*：表情扩展，将 Gemoji 解析为对应 Unicode 字符，同时提供了搜索、选择表情的功能，使用 \'::\' 打开。\"}]}]},{\"type\":\"listItem\",\"content\":[{\"type\":\"paragraph\",\"content\":[{\"type\":\"text\",\"text\":\"MathInline*：行内公式，提供渲染 \"},{\"type\":\"text\",\"marks\":[{\"type\":\"link\",\"attrs\":{\"href\":\"https://katex.org/\",\"target\":\"_blank\"}}],\"text\":\"Katex\"},{\"type\":\"text\",\"text\":\" 公式的功能。\"}]}]},{\"type\":\"listItem\",\"content\":[{\"type\":\"paragraph\",\"content\":[{\"type\":\"text\",\"text\":\"MathBlock*：公式块，提供渲染 \"},{\"type\":\"text\",\"marks\":[{\"type\":\"link\",\"attrs\":{\"href\":\"https://katex.org/\",\"target\":\"_blank\"}}],\"text\":\"Katex\"},{\"type\":\"text\",\"text\":\" 公式的功能。\"}]}]},{\"type\":\"listItem\",\"content\":[{\"type\":\"paragraph\",\"content\":[{\"type\":\"text\",\"text\":\"Diagram*：图表块，提供渲染 \"},{\"type\":\"text\",\"marks\":[{\"type\":\"link\",\"attrs\":{\"href\":\"https://mermaid-js.github.io/mermaid/#/\",\"target\":\"_blank\"}}],\"text\":\"Mermaid\"},{\"type\":\"text\",\"text\":\" 图标的功能。\"}]}]},{\"type\":\"listItem\",\"content\":[{\"type\":\"paragraph\",\"content\":[{\"type\":\"text\",\"text\":\"Audio*：音频块。\"}]}]},{\"type\":\"listItem\",\"content\":[{\"type\":\"paragraph\",\"content\":[{\"type\":\"text\",\"text\":\"Video*：视频块。\"}]}]},{\"type\":\"listItem\",\"content\":[{\"type\":\"paragraph\",\"content\":[{\"type\":\"text\",\"text\":\"Details*：折叠内容块。\"}]}]},{\"type\":\"listItem\",\"content\":[{\"type\":\"paragraph\",\"content\":[{\"type\":\"text\",\"text\":\"Embed*：嵌入块，提供嵌入网页的功能。\"}]}]},{\"type\":\"listItem\",\"content\":[{\"type\":\"paragraph\",\"content\":[{\"type\":\"text\",\"text\":\"Document\"}]}]},{\"type\":\"listItem\",\"content\":[{\"type\":\"paragraph\",\"content\":[{\"type\":\"text\",\"text\":\"Paragraph\"}]}]},{\"type\":\"listItem\",\"content\":[{\"type\":\"paragraph\",\"content\":[{\"type\":\"text\",\"text\":\"Text\"}]}]},{\"type\":\"listItem\",\"content\":[{\"type\":\"paragraph\",\"content\":[{\"type\":\"text\",\"text\":\"Blockquote\"}]}]},{\"type\":\"listItem\",\"content\":[{\"type\":\"paragraph\",\"content\":[{\"type\":\"text\",\"text\":\"BulletList\"}]}]},{\"type\":\"listItem\",\"content\":[{\"type\":\"paragraph\",\"content\":[{\"type\":\"text\",\"text\":\"ListItem\"}]}]},{\"type\":\"listItem\",\"content\":[{\"type\":\"paragraph\",\"content\":[{\"type\":\"text\",\"text\":\"CodeBlock：添加选择语言的功能\"}]}]},{\"type\":\"listItem\",\"content\":[{\"type\":\"paragraph\",\"content\":[{\"type\":\"text\",\"text\":\"HardBreak\"}]}]},{\"type\":\"listItem\",\"content\":[{\"type\":\"paragraph\",\"content\":[{\"type\":\"text\",\"text\":\"Heading\"}]}]},{\"type\":\"listItem\",\"content\":[{\"type\":\"paragraph\",\"content\":[{\"type\":\"text\",\"text\":\"HorizontalRule\"}]}]},{\"type\":\"listItem\",\"content\":[{\"type\":\"paragraph\",\"content\":[{\"type\":\"text\",\"text\":\"Image：添加了浮动的修改框\"}]}]},{\"type\":\"listItem\",\"content\":[{\"type\":\"paragraph\",\"content\":[{\"type\":\"text\",\"text\":\"OrderedList\"}]}]},{\"type\":\"listItem\",\"content\":[{\"type\":\"paragraph\",\"content\":[{\"type\":\"text\",\"text\":\"Table：添加了浮动的操作菜单\"}]}]},{\"type\":\"listItem\",\"content\":[{\"type\":\"paragraph\",\"content\":[{\"type\":\"text\",\"text\":\"TableCell\"}]}]},{\"type\":\"listItem\",\"content\":[{\"type\":\"paragraph\",\"content\":[{\"type\":\"text\",\"text\":\"TableHeader\"}]}]},{\"type\":\"listItem\",\"content\":[{\"type\":\"paragraph\",\"content\":[{\"type\":\"text\",\"text\":\"TableRow\"}]}]},{\"type\":\"listItem\",\"content\":[{\"type\":\"paragraph\",\"content\":[{\"type\":\"text\",\"text\":\"TaskList\"}]}]},{\"type\":\"listItem\",\"content\":[{\"type\":\"paragraph\",\"content\":[{\"type\":\"text\",\"text\":\"TaskItem\"}]}]}]},{\"type\":\"heading\",\"attrs\":{\"level\":3},\"content\":[{\"type\":\"text\",\"text\":\"Marks\"}]},{\"type\":\"bulletList\",\"content\":[{\"type\":\"listItem\",\"content\":[{\"type\":\"paragraph\",\"content\":[{\"type\":\"text\",\"text\":\"Bold\"}]}]},{\"type\":\"listItem\",\"content\":[{\"type\":\"paragraph\",\"content\":[{\"type\":\"text\",\"text\":\"Code\"}]}]},{\"type\":\"listItem\",\"content\":[{\"type\":\"paragraph\",\"content\":[{\"type\":\"text\",\"text\":\"Highlight\"}]}]},{\"type\":\"listItem\",\"content\":[{\"type\":\"paragraph\",\"content\":[{\"type\":\"text\",\"text\":\"Italic\"}]}]},{\"type\":\"listItem\",\"content\":[{\"type\":\"paragraph\",\"content\":[{\"type\":\"text\",\"text\":\"Link：添加了浮动的修改框\"}]}]},{\"type\":\"listItem\",\"content\":[{\"type\":\"paragraph\",\"content\":[{\"type\":\"text\",\"text\":\"Strike\"}]}]}]},{\"type\":\"heading\",\"attrs\":{\"level\":1},\"content\":[{\"type\":\"text\",\"text\":\"Heading 1\"}]},{\"type\":\"heading\",\"attrs\":{\"level\":2},\"content\":[{\"type\":\"text\",\"text\":\"Heading 2\"}]},{\"type\":\"heading\",\"attrs\":{\"level\":3},\"content\":[{\"type\":\"text\",\"text\":\"Heading 3\"}]},{\"type\":\"heading\",\"attrs\":{\"level\":4},\"content\":[{\"type\":\"text\",\"text\":\"Heading 4\"}]},{\"type\":\"heading\",\"attrs\":{\"level\":5},\"content\":[{\"type\":\"text\",\"text\":\"Heading 5\"}]},{\"type\":\"heading\",\"attrs\":{\"level\":6},\"content\":[{\"type\":\"text\",\"text\":\"Heading 6\"}]},{\"type\":\"codeBlock\",\"attrs\":{\"language\":\"markdown\"},\"content\":[{\"type\":\"text\",\"text\":\"# heading 1\\n## heading 2\\n### heading 3\\n#### heading 4\\n##### heading 5\\n###### heading 6\"}]},{\"type\":\"paragraph\",\"content\":[{\"type\":\"text\",\"marks\":[{\"type\":\"bold\"}],\"text\":\"bold\"},{\"type\":\"text\",\"text\":\" \"},{\"type\":\"text\",\"marks\":[{\"type\":\"code\"}],\"text\":\"code\"},{\"type\":\"text\",\"text\":\" \"},{\"type\":\"text\",\"marks\":[{\"type\":\"italic\"}],\"text\":\"italic\"},{\"type\":\"text\",\"text\":\" \"},{\"type\":\"text\",\"marks\":[{\"type\":\"link\",\"attrs\":{\"href\":\"https://github.com/syfxlin/tiptap-starter-kit\",\"target\":\"_blank\"}}],\"text\":\"link\"},{\"type\":\"text\",\"text\":\" \"},{\"type\":\"text\",\"marks\":[{\"type\":\"strike\"}],\"text\":\"strike\"},{\"type\":\"text\",\"text\":\" \"},{\"type\":\"text\",\"marks\":[{\"type\":\"highlight\"}],\"text\":\"highlight\"}]},{\"type\":\"codeBlock\",\"attrs\":{\"language\":\"markdown\"},\"content\":[{\"type\":\"text\",\"text\":\"**bold** `code` *italic* [link](https://github.com/syfxlin/tiptap-starter-kit)\"}]},{\"type\":\"orderedList\",\"attrs\":{\"start\":1},\"content\":[{\"type\":\"listItem\",\"content\":[{\"type\":\"paragraph\",\"content\":[{\"type\":\"text\",\"text\":\"item 1\"}]}]},{\"type\":\"listItem\",\"content\":[{\"type\":\"paragraph\",\"content\":[{\"type\":\"text\",\"text\":\"item 2\"}]},{\"type\":\"orderedList\",\"attrs\":{\"start\":1},\"content\":[{\"type\":\"listItem\",\"content\":[{\"type\":\"paragraph\",\"content\":[{\"type\":\"text\",\"text\":\"item 3\"}]},{\"type\":\"orderedList\",\"attrs\":{\"start\":1},\"content\":[{\"type\":\"listItem\",\"content\":[{\"type\":\"paragraph\",\"content\":[{\"type\":\"text\",\"text\":\"item 4\"}]}]}]}]}]}]},{\"type\":\"listItem\",\"content\":[{\"type\":\"paragraph\",\"content\":[{\"type\":\"text\",\"text\":\"item 5\"}]}]}]},{\"type\":\"bulletList\",\"content\":[{\"type\":\"listItem\",\"content\":[{\"type\":\"paragraph\",\"content\":[{\"type\":\"text\",\"text\":\"item 1\"}]}]},{\"type\":\"listItem\",\"content\":[{\"type\":\"paragraph\",\"content\":[{\"type\":\"text\",\"text\":\"item 2\"}]},{\"type\":\"bulletList\",\"content\":[{\"type\":\"listItem\",\"content\":[{\"type\":\"paragraph\",\"content\":[{\"type\":\"text\",\"text\":\"item 3\"}]},{\"type\":\"bulletList\",\"content\":[{\"type\":\"listItem\",\"content\":[{\"type\":\"paragraph\",\"content\":[{\"type\":\"text\",\"text\":\"item 4\"}]}]}]}]}]}]},{\"type\":\"listItem\",\"content\":[{\"type\":\"paragraph\",\"content\":[{\"type\":\"text\",\"text\":\"item 5\"}]}]}]},{\"type\":\"taskList\",\"content\":[{\"type\":\"taskItem\",\"attrs\":{\"checked\":false},\"content\":[{\"type\":\"paragraph\",\"content\":[{\"type\":\"text\",\"text\":\"item 1\"}]}]},{\"type\":\"taskItem\",\"attrs\":{\"checked\":false},\"content\":[{\"type\":\"paragraph\",\"content\":[{\"type\":\"text\",\"text\":\"item 2\"}]},{\"type\":\"taskList\",\"content\":[{\"type\":\"taskItem\",\"attrs\":{\"checked\":true},\"content\":[{\"type\":\"paragraph\",\"content\":[{\"type\":\"text\",\"text\":\"item 3\"}]},{\"type\":\"taskList\",\"content\":[{\"type\":\"taskItem\",\"attrs\":{\"checked\":false},\"content\":[{\"type\":\"paragraph\",\"content\":[{\"type\":\"text\",\"text\":\"item 4\"}]}]}]}]}]}]},{\"type\":\"taskItem\",\"attrs\":{\"checked\":false},\"content\":[{\"type\":\"paragraph\",\"content\":[{\"type\":\"text\",\"text\":\"item 5\"}]}]}]},{\"type\":\"codeBlock\",\"attrs\":{\"language\":\"markdown\"},\"content\":[{\"type\":\"text\",\"text\":\"1.  item 1\\n2.  item 2\\n    1.  item 3\\n        1.  item 4\\n3.  item 5\\n\\n*   item 1\\n*   item 2\\n    *   item 3\\n        *   item 4\\n*   item 5\\n\\n*   [ ] item 1\\n*   [ ] item 2\\n    *   [x] item 3\\n        *   [ ] item 4\\n*   [ ] item 5\"}]},{\"type\":\"paragraph\",\"content\":[{\"type\":\"image\",\"attrs\":{\"src\":\"https://ixk.me/bg.jpg\",\"alt\":\"\",\"title\":\"\"}},{\"type\":\"audio\",\"attrs\":{\"src\":\"https://lab.ixk.me/assets/media/Summer.mp3\",\"title\":\"\"}}]},{\"type\":\"paragraph\",\"content\":[{\"type\":\"video\",\"attrs\":{\"src\":\"https://lab.ixk.me/assets/media/movie.mp4\",\"title\":\"\"}}]},{\"type\":\"codeBlock\",\"attrs\":{\"language\":\"markdown\"},\"content\":[{\"type\":\"text\",\"text\":\"![](https://ixk.me/bg.jpg)\\n:audio{src=\\\"https://lab.ixk.me/assets/media/Summer.mp3\\\"}\\n:video{src=\\\"https://lab.ixk.me/assets/media/movie.mp4\\\"}\"}]},{\"type\":\"blockquote\",\"content\":[{\"type\":\"paragraph\",\"content\":[{\"type\":\"text\",\"text\":\"blockquote\"}]}]},{\"type\":\"codeBlock\",\"attrs\":{\"language\":\"javascript\"},\"content\":[{\"type\":\"text\",\"text\":\"const this = \\\"coeeBlock\\\";\"}]},{\"type\":\"paragraph\",\"content\":[{\"type\":\"mathInline\",\"attrs\":{\"value\":\"E = mc^2\"}}]},{\"type\":\"mathBlock\",\"content\":[{\"type\":\"text\",\"text\":\"E = mc^2\"}]},{\"type\":\"horizontalRule\"},{\"type\":\"table\",\"content\":[{\"type\":\"tableRow\",\"content\":[{\"type\":\"tableHeader\",\"attrs\":{\"colspan\":1,\"rowspan\":1,\"colwidth\":null},\"content\":[{\"type\":\"paragraph\",\"content\":[{\"type\":\"text\",\"text\":\"Header\"}]}]},{\"type\":\"tableHeader\",\"attrs\":{\"colspan\":1,\"rowspan\":1,\"colwidth\":null},\"content\":[{\"type\":\"paragraph\",\"content\":[{\"type\":\"text\",\"text\":\"Header\"}]}]},{\"type\":\"tableHeader\",\"attrs\":{\"colspan\":1,\"rowspan\":1,\"colwidth\":null},\"content\":[{\"type\":\"paragraph\",\"content\":[{\"type\":\"text\",\"text\":\"Header\"}]}]}]},{\"type\":\"tableRow\",\"content\":[{\"type\":\"tableCell\",\"attrs\":{\"colspan\":1,\"rowspan\":1,\"colwidth\":null},\"content\":[{\"type\":\"paragraph\",\"content\":[{\"type\":\"text\",\"text\":\"Content\"}]}]},{\"type\":\"tableCell\",\"attrs\":{\"colspan\":1,\"rowspan\":1,\"colwidth\":null},\"content\":[{\"type\":\"paragraph\",\"content\":[{\"type\":\"text\",\"text\":\"Content\"}]}]},{\"type\":\"tableCell\",\"attrs\":{\"colspan\":1,\"rowspan\":1,\"colwidth\":null},\"content\":[{\"type\":\"paragraph\"}]}]},{\"type\":\"tableRow\",\"content\":[{\"type\":\"tableCell\",\"attrs\":{\"colspan\":1,\"rowspan\":1,\"colwidth\":null},\"content\":[{\"type\":\"paragraph\",\"content\":[{\"type\":\"text\",\"text\":\"Content\"}]}]},{\"type\":\"tableCell\",\"attrs\":{\"colspan\":1,\"rowspan\":1,\"colwidth\":null},\"content\":[{\"type\":\"paragraph\"}]},{\"type\":\"tableCell\",\"attrs\":{\"colspan\":1,\"rowspan\":1,\"colwidth\":null},\"content\":[{\"type\":\"paragraph\"}]}]}]},{\"type\":\"details\",\"attrs\":{\"open\":\"\",\"summary\":\"summary\"},\"content\":[{\"type\":\"paragraph\",\"content\":[{\"type\":\"text\",\"text\":\"content\"}]}]},{\"type\":\"diagram\",\"content\":[{\"type\":\"text\",\"text\":\"graph TD;\\n    A --> B;\"}]},{\"type\":\"codeBlock\",\"attrs\":{\"language\":\"markdown\"},\"content\":[{\"type\":\"text\",\"text\":\"> blockquote\\n\\n```javascript\\nconst this = \\\"coeeBlock\\\";\\n```\\n\\n$E = mc^2$\\n\\n$$\\nE = mc^2\\n$$\\n\\n***\\n\\n| Header  | Header  | Header |\\n| ------- | ------- | ------ |\\n| Content | Content |        |\\n| Content |         |        |\\n\\n:::details{open=\\\"true\\\" summary=\\\"summary\\\"}\\ncontent\\n:::\\n\\n:::diagram\\ngraph TD;\\n    A --> B;\\n:::\"}]},{\"type\":\"embed\",\"attrs\":{\"src\":\"https://ixk.me\",\"title\":\"My Homepage\"}},{\"type\":\"embed\",\"attrs\":{\"src\":\"https://gist.github.com/syfxlin/bef0c2f70beee99061f1612968a3e085\",\"title\":\"Weekly development breakdown\"}},{\"type\":\"codeBlock\",\"attrs\":{\"language\":\"markdown\"},\"content\":[{\"type\":\"text\",\"text\":\":embed{src=\\\"https://ixk.me\\\" title=\\\"My Homepage\\\"}\\n:embed{src=\\\"https://gist.github.com/syfxlin/bef0c2f70beee99061f1612968a3e085\\\" title=\\\"Weekly development breakdown\\\"}\\n// default support airtable, codepen, codesandbox, draw.io, gist, google docs, office\"}]}]}','2021-11-29 00:20:22.589352',21,'619fc3889d5f264f6f32d3d2','{\"cover\":\"https://images.pexels.com/photos/10278313/pexels-photo-10278313.jpeg\"}','tada','Hello, Hoshi-Note'),('61a3ac6218c9feb51acb7e7b','{\"type\":\"doc\",\"content\":[{\"type\":\"blockquote\",\"content\":[{\"type\":\"paragraph\",\"content\":[{\"type\":\"text\",\"text\":\"Hoshi-Note 采用富文本编辑器，是面向个人使用的云笔记系统，基于 Spring Boot 和 React 工具流开发。\"}]}]},{\"type\":\"heading\",\"attrs\":{\"level\":3},\"content\":[{\"type\":\"text\",\"text\":\"Extensions\"}]},{\"type\":\"bulletList\",\"content\":[{\"type\":\"listItem\",\"content\":[{\"type\":\"paragraph\",\"content\":[{\"type\":\"text\",\"text\":\"BlockMenu*：块菜单，也称为斜杠菜单，通过 \'/\' 字符开启菜单，用于添加 nodes。\"}]}]},{\"type\":\"listItem\",\"content\":[{\"type\":\"paragraph\",\"content\":[{\"type\":\"text\",\"text\":\"FloatMenu*：浮动菜单，选中文本开启菜单，用于将 marks 应用到文本。\"}]}]},{\"type\":\"listItem\",\"content\":[{\"type\":\"paragraph\",\"content\":[{\"type\":\"text\",\"text\":\"Clipboard*：剪贴板扩展，用于解析粘贴的 Markdown 内容，同时在复制时将内容序列化为 Markdown。\"}]}]},{\"type\":\"listItem\",\"content\":[{\"type\":\"paragraph\",\"content\":[{\"type\":\"text\",\"text\":\"Markdown*：Markdown 扩展，提供 Markdown 解析器和序列化器，使用 \"},{\"type\":\"text\",\"marks\":[{\"type\":\"link\",\"attrs\":{\"href\":\"https://github.com/remarkjs/remark\",\"target\":\"_blank\"}}],\"text\":\"remark\"},{\"type\":\"text\",\"text\":\" 处理 Markdown 语法。\"}]}]},{\"type\":\"listItem\",\"content\":[{\"type\":\"paragraph\",\"content\":[{\"type\":\"text\",\"text\":\"DropCursor\"}]}]},{\"type\":\"listItem\",\"content\":[{\"type\":\"paragraph\",\"content\":[{\"type\":\"text\",\"text\":\"GapCursor\"}]}]},{\"type\":\"listItem\",\"content\":[{\"type\":\"paragraph\",\"content\":[{\"type\":\"text\",\"text\":\"History\"}]}]}]},{\"type\":\"heading\",\"attrs\":{\"level\":3},\"content\":[{\"type\":\"text\",\"text\":\"Nodes\"}]},{\"type\":\"bulletList\",\"content\":[{\"type\":\"listItem\",\"content\":[{\"type\":\"paragraph\",\"content\":[{\"type\":\"text\",\"text\":\"Emoji*：表情扩展，将 Gemoji 解析为对应 Unicode 字符，同时提供了搜索、选择表情的功能，使用 \'::\' 打开。\"}]}]},{\"type\":\"listItem\",\"content\":[{\"type\":\"paragraph\",\"content\":[{\"type\":\"text\",\"text\":\"MathInline*：行内公式，提供渲染 \"},{\"type\":\"text\",\"marks\":[{\"type\":\"link\",\"attrs\":{\"href\":\"https://katex.org/\",\"target\":\"_blank\"}}],\"text\":\"Katex\"},{\"type\":\"text\",\"text\":\" 公式的功能。\"}]}]},{\"type\":\"listItem\",\"content\":[{\"type\":\"paragraph\",\"content\":[{\"type\":\"text\",\"text\":\"MathBlock*：公式块，提供渲染 \"},{\"type\":\"text\",\"marks\":[{\"type\":\"link\",\"attrs\":{\"href\":\"https://katex.org/\",\"target\":\"_blank\"}}],\"text\":\"Katex\"},{\"type\":\"text\",\"text\":\" 公式的功能。\"}]}]},{\"type\":\"listItem\",\"content\":[{\"type\":\"paragraph\",\"content\":[{\"type\":\"text\",\"text\":\"Diagram*：图表块，提供渲染 \"},{\"type\":\"text\",\"marks\":[{\"type\":\"link\",\"attrs\":{\"href\":\"https://mermaid-js.github.io/mermaid/#/\",\"target\":\"_blank\"}}],\"text\":\"Mermaid\"},{\"type\":\"text\",\"text\":\" 图标的功能。\"}]}]},{\"type\":\"listItem\",\"content\":[{\"type\":\"paragraph\",\"content\":[{\"type\":\"text\",\"text\":\"Audio*：音频块。\"}]}]},{\"type\":\"listItem\",\"content\":[{\"type\":\"paragraph\",\"content\":[{\"type\":\"text\",\"text\":\"Video*：视频块。\"}]}]},{\"type\":\"listItem\",\"content\":[{\"type\":\"paragraph\",\"content\":[{\"type\":\"text\",\"text\":\"Details*：折叠内容块。\"}]}]},{\"type\":\"listItem\",\"content\":[{\"type\":\"paragraph\",\"content\":[{\"type\":\"text\",\"text\":\"Embed*：嵌入块，提供嵌入网页的功能。\"}]}]},{\"type\":\"listItem\",\"content\":[{\"type\":\"paragraph\",\"content\":[{\"type\":\"text\",\"text\":\"Document\"}]}]},{\"type\":\"listItem\",\"content\":[{\"type\":\"paragraph\",\"content\":[{\"type\":\"text\",\"text\":\"Paragraph\"}]}]},{\"type\":\"listItem\",\"content\":[{\"type\":\"paragraph\",\"content\":[{\"type\":\"text\",\"text\":\"Text\"}]}]},{\"type\":\"listItem\",\"content\":[{\"type\":\"paragraph\",\"content\":[{\"type\":\"text\",\"text\":\"Blockquote\"}]}]},{\"type\":\"listItem\",\"content\":[{\"type\":\"paragraph\",\"content\":[{\"type\":\"text\",\"text\":\"BulletList\"}]}]},{\"type\":\"listItem\",\"content\":[{\"type\":\"paragraph\",\"content\":[{\"type\":\"text\",\"text\":\"ListItem\"}]}]},{\"type\":\"listItem\",\"content\":[{\"type\":\"paragraph\",\"content\":[{\"type\":\"text\",\"text\":\"CodeBlock：添加选择语言的功能\"}]}]},{\"type\":\"listItem\",\"content\":[{\"type\":\"paragraph\",\"content\":[{\"type\":\"text\",\"text\":\"HardBreak\"}]}]},{\"type\":\"listItem\",\"content\":[{\"type\":\"paragraph\",\"content\":[{\"type\":\"text\",\"text\":\"Heading\"}]}]},{\"type\":\"listItem\",\"content\":[{\"type\":\"paragraph\",\"content\":[{\"type\":\"text\",\"text\":\"HorizontalRule\"}]}]},{\"type\":\"listItem\",\"content\":[{\"type\":\"paragraph\",\"content\":[{\"type\":\"text\",\"text\":\"Image：添加了浮动的修改框\"}]}]},{\"type\":\"listItem\",\"content\":[{\"type\":\"paragraph\",\"content\":[{\"type\":\"text\",\"text\":\"OrderedList\"}]}]},{\"type\":\"listItem\",\"content\":[{\"type\":\"paragraph\",\"content\":[{\"type\":\"text\",\"text\":\"Table：添加了浮动的操作菜单\"}]}]},{\"type\":\"listItem\",\"content\":[{\"type\":\"paragraph\",\"content\":[{\"type\":\"text\",\"text\":\"TableCell\"}]}]},{\"type\":\"listItem\",\"content\":[{\"type\":\"paragraph\",\"content\":[{\"type\":\"text\",\"text\":\"TableHeader\"}]}]},{\"type\":\"listItem\",\"content\":[{\"type\":\"paragraph\",\"content\":[{\"type\":\"text\",\"text\":\"TableRow\"}]}]},{\"type\":\"listItem\",\"content\":[{\"type\":\"paragraph\",\"content\":[{\"type\":\"text\",\"text\":\"TaskList\"}]}]},{\"type\":\"listItem\",\"content\":[{\"type\":\"paragraph\",\"content\":[{\"type\":\"text\",\"text\":\"TaskItem\"}]}]}]},{\"type\":\"heading\",\"attrs\":{\"level\":3},\"content\":[{\"type\":\"text\",\"text\":\"Marks\"}]},{\"type\":\"bulletList\",\"content\":[{\"type\":\"listItem\",\"content\":[{\"type\":\"paragraph\",\"content\":[{\"type\":\"text\",\"text\":\"Bold\"}]}]},{\"type\":\"listItem\",\"content\":[{\"type\":\"paragraph\",\"content\":[{\"type\":\"text\",\"text\":\"Code\"}]}]},{\"type\":\"listItem\",\"content\":[{\"type\":\"paragraph\",\"content\":[{\"type\":\"text\",\"text\":\"Highlight\"}]}]},{\"type\":\"listItem\",\"content\":[{\"type\":\"paragraph\",\"content\":[{\"type\":\"text\",\"text\":\"Italic\"}]}]},{\"type\":\"listItem\",\"content\":[{\"type\":\"paragraph\",\"content\":[{\"type\":\"text\",\"text\":\"Link：添加了浮动的修改框\"}]}]},{\"type\":\"listItem\",\"content\":[{\"type\":\"paragraph\",\"content\":[{\"type\":\"text\",\"text\":\"Strike\"}]}]}]},{\"type\":\"heading\",\"attrs\":{\"level\":1},\"content\":[{\"type\":\"text\",\"text\":\"Heading 1\"}]},{\"type\":\"heading\",\"attrs\":{\"level\":2},\"content\":[{\"type\":\"text\",\"text\":\"Heading 2\"}]},{\"type\":\"heading\",\"attrs\":{\"level\":3},\"content\":[{\"type\":\"text\",\"text\":\"Heading 3\"}]},{\"type\":\"heading\",\"attrs\":{\"level\":4},\"content\":[{\"type\":\"text\",\"text\":\"Heading 4\"}]},{\"type\":\"heading\",\"attrs\":{\"level\":5},\"content\":[{\"type\":\"text\",\"text\":\"Heading 5\"}]},{\"type\":\"heading\",\"attrs\":{\"level\":6},\"content\":[{\"type\":\"text\",\"text\":\"Heading 6\"}]},{\"type\":\"codeBlock\",\"attrs\":{\"language\":\"markdown\"},\"content\":[{\"type\":\"text\",\"text\":\"# heading 1\\n## heading 2\\n### heading 3\\n#### heading 4\\n##### heading 5\\n###### heading 6\"}]},{\"type\":\"paragraph\",\"content\":[{\"type\":\"text\",\"marks\":[{\"type\":\"bold\"}],\"text\":\"bold\"},{\"type\":\"text\",\"text\":\" \"},{\"type\":\"text\",\"marks\":[{\"type\":\"code\"}],\"text\":\"code\"},{\"type\":\"text\",\"text\":\" \"},{\"type\":\"text\",\"marks\":[{\"type\":\"italic\"}],\"text\":\"italic\"},{\"type\":\"text\",\"text\":\" \"},{\"type\":\"text\",\"marks\":[{\"type\":\"link\",\"attrs\":{\"href\":\"https://github.com/syfxlin/tiptap-starter-kit\",\"target\":\"_blank\"}}],\"text\":\"link\"},{\"type\":\"text\",\"text\":\" \"},{\"type\":\"text\",\"marks\":[{\"type\":\"strike\"}],\"text\":\"strike\"},{\"type\":\"text\",\"text\":\" \"},{\"type\":\"text\",\"marks\":[{\"type\":\"highlight\"}],\"text\":\"highlight\"}]},{\"type\":\"codeBlock\",\"attrs\":{\"language\":\"markdown\"},\"content\":[{\"type\":\"text\",\"text\":\"**bold** `code` *italic* [link](https://github.com/syfxlin/tiptap-starter-kit)\"}]},{\"type\":\"orderedList\",\"attrs\":{\"start\":1},\"content\":[{\"type\":\"listItem\",\"content\":[{\"type\":\"paragraph\",\"content\":[{\"type\":\"text\",\"text\":\"item 1\"}]}]},{\"type\":\"listItem\",\"content\":[{\"type\":\"paragraph\",\"content\":[{\"type\":\"text\",\"text\":\"item 2\"}]},{\"type\":\"orderedList\",\"attrs\":{\"start\":1},\"content\":[{\"type\":\"listItem\",\"content\":[{\"type\":\"paragraph\",\"content\":[{\"type\":\"text\",\"text\":\"item 3\"}]},{\"type\":\"orderedList\",\"attrs\":{\"start\":1},\"content\":[{\"type\":\"listItem\",\"content\":[{\"type\":\"paragraph\",\"content\":[{\"type\":\"text\",\"text\":\"item 4\"}]}]}]}]}]}]},{\"type\":\"listItem\",\"content\":[{\"type\":\"paragraph\",\"content\":[{\"type\":\"text\",\"text\":\"item 5\"}]}]}]},{\"type\":\"bulletList\",\"content\":[{\"type\":\"listItem\",\"content\":[{\"type\":\"paragraph\",\"content\":[{\"type\":\"text\",\"text\":\"item 1\"}]}]},{\"type\":\"listItem\",\"content\":[{\"type\":\"paragraph\",\"content\":[{\"type\":\"text\",\"text\":\"item 2\"}]},{\"type\":\"bulletList\",\"content\":[{\"type\":\"listItem\",\"content\":[{\"type\":\"paragraph\",\"content\":[{\"type\":\"text\",\"text\":\"item 3\"}]},{\"type\":\"bulletList\",\"content\":[{\"type\":\"listItem\",\"content\":[{\"type\":\"paragraph\",\"content\":[{\"type\":\"text\",\"text\":\"item 4\"}]}]}]}]}]}]},{\"type\":\"listItem\",\"content\":[{\"type\":\"paragraph\",\"content\":[{\"type\":\"text\",\"text\":\"item 5\"}]}]}]},{\"type\":\"taskList\",\"content\":[{\"type\":\"taskItem\",\"attrs\":{\"checked\":false},\"content\":[{\"type\":\"paragraph\",\"content\":[{\"type\":\"text\",\"text\":\"item 1\"}]}]},{\"type\":\"taskItem\",\"attrs\":{\"checked\":false},\"content\":[{\"type\":\"paragraph\",\"content\":[{\"type\":\"text\",\"text\":\"item 2\"}]},{\"type\":\"taskList\",\"content\":[{\"type\":\"taskItem\",\"attrs\":{\"checked\":true},\"content\":[{\"type\":\"paragraph\",\"content\":[{\"type\":\"text\",\"text\":\"item 3\"}]},{\"type\":\"taskList\",\"content\":[{\"type\":\"taskItem\",\"attrs\":{\"checked\":false},\"content\":[{\"type\":\"paragraph\",\"content\":[{\"type\":\"text\",\"text\":\"item 4\"}]}]}]}]}]}]},{\"type\":\"taskItem\",\"attrs\":{\"checked\":false},\"content\":[{\"type\":\"paragraph\",\"content\":[{\"type\":\"text\",\"text\":\"item 5\"}]}]}]},{\"type\":\"codeBlock\",\"attrs\":{\"language\":\"markdown\"},\"content\":[{\"type\":\"text\",\"text\":\"1.  item 1\\n2.  item 2\\n    1.  item 3\\n        1.  item 4\\n3.  item 5\\n\\n*   item 1\\n*   item 2\\n    *   item 3\\n        *   item 4\\n*   item 5\\n\\n*   [ ] item 1\\n*   [ ] item 2\\n    *   [x] item 3\\n        *   [ ] item 4\\n*   [ ] item 5\"}]},{\"type\":\"paragraph\",\"content\":[{\"type\":\"image\",\"attrs\":{\"src\":\"https://ixk.me/bg.jpg\",\"alt\":\"\",\"title\":\"\"}},{\"type\":\"audio\",\"attrs\":{\"src\":\"https://lab.ixk.me/assets/media/Summer.mp3\",\"title\":\"\"}}]},{\"type\":\"paragraph\",\"content\":[{\"type\":\"video\",\"attrs\":{\"src\":\"https://lab.ixk.me/assets/media/movie.mp4\",\"title\":\"\"}}]},{\"type\":\"codeBlock\",\"attrs\":{\"language\":\"markdown\"},\"content\":[{\"type\":\"text\",\"text\":\"![](https://ixk.me/bg.jpg)\\n:audio{src=\\\"https://lab.ixk.me/assets/media/Summer.mp3\\\"}\\n:video{src=\\\"https://lab.ixk.me/assets/media/movie.mp4\\\"}\"}]},{\"type\":\"blockquote\",\"content\":[{\"type\":\"paragraph\",\"content\":[{\"type\":\"text\",\"text\":\"blockquote\"}]}]},{\"type\":\"codeBlock\",\"attrs\":{\"language\":\"javascript\"},\"content\":[{\"type\":\"text\",\"text\":\"const this = \\\"coeeBlock\\\";\"}]},{\"type\":\"paragraph\",\"content\":[{\"type\":\"mathInline\",\"attrs\":{\"value\":\"E = mc^2\"}}]},{\"type\":\"mathBlock\",\"content\":[{\"type\":\"text\",\"text\":\"E = mc^2\"}]},{\"type\":\"horizontalRule\"},{\"type\":\"table\",\"content\":[{\"type\":\"tableRow\",\"content\":[{\"type\":\"tableHeader\",\"attrs\":{\"colspan\":1,\"rowspan\":1,\"colwidth\":null},\"content\":[{\"type\":\"paragraph\",\"content\":[{\"type\":\"text\",\"text\":\"Header\"}]}]},{\"type\":\"tableHeader\",\"attrs\":{\"colspan\":1,\"rowspan\":1,\"colwidth\":null},\"content\":[{\"type\":\"paragraph\",\"content\":[{\"type\":\"text\",\"text\":\"Header\"}]}]},{\"type\":\"tableHeader\",\"attrs\":{\"colspan\":1,\"rowspan\":1,\"colwidth\":null},\"content\":[{\"type\":\"paragraph\",\"content\":[{\"type\":\"text\",\"text\":\"Header\"}]}]}]},{\"type\":\"tableRow\",\"content\":[{\"type\":\"tableCell\",\"attrs\":{\"colspan\":1,\"rowspan\":1,\"colwidth\":null},\"content\":[{\"type\":\"paragraph\",\"content\":[{\"type\":\"text\",\"text\":\"Content\"}]}]},{\"type\":\"tableCell\",\"attrs\":{\"colspan\":1,\"rowspan\":1,\"colwidth\":null},\"content\":[{\"type\":\"paragraph\",\"content\":[{\"type\":\"text\",\"text\":\"Content\"}]}]},{\"type\":\"tableCell\",\"attrs\":{\"colspan\":1,\"rowspan\":1,\"colwidth\":null},\"content\":[{\"type\":\"paragraph\"}]}]},{\"type\":\"tableRow\",\"content\":[{\"type\":\"tableCell\",\"attrs\":{\"colspan\":1,\"rowspan\":1,\"colwidth\":null},\"content\":[{\"type\":\"paragraph\",\"content\":[{\"type\":\"text\",\"text\":\"Content\"}]}]},{\"type\":\"tableCell\",\"attrs\":{\"colspan\":1,\"rowspan\":1,\"colwidth\":null},\"content\":[{\"type\":\"paragraph\"}]},{\"type\":\"tableCell\",\"attrs\":{\"colspan\":1,\"rowspan\":1,\"colwidth\":null},\"content\":[{\"type\":\"paragraph\"}]}]}]},{\"type\":\"details\",\"attrs\":{\"open\":\"\",\"summary\":\"summary\"},\"content\":[{\"type\":\"paragraph\",\"content\":[{\"type\":\"text\",\"text\":\"content\"}]}]},{\"type\":\"diagram\",\"content\":[{\"type\":\"text\",\"text\":\"graph TD;\\n    A --> B;\"}]},{\"type\":\"codeBlock\",\"attrs\":{\"language\":\"markdown\"},\"content\":[{\"type\":\"text\",\"text\":\"> blockquote\\n\\n```javascript\\nconst this = \\\"coeeBlock\\\";\\n```\\n\\n$E = mc^2$\\n\\n$$\\nE = mc^2\\n$$\\n\\n***\\n\\n| Header  | Header  | Header |\\n| ------- | ------- | ------ |\\n| Content | Content |        |\\n| Content |         |        |\\n\\n:::details{open=\\\"true\\\" summary=\\\"summary\\\"}\\ncontent\\n:::\\n\\n:::diagram\\ngraph TD;\\n    A --> B;\\n:::\"}]},{\"type\":\"embed\",\"attrs\":{\"src\":\"https://ixk.me\",\"title\":\"My Homepage\"}},{\"type\":\"embed\",\"attrs\":{\"src\":\"https://gist.github.com/syfxlin/bef0c2f70beee99061f1612968a3e085\",\"title\":\"Weekly development breakdown\"}},{\"type\":\"codeBlock\",\"attrs\":{\"language\":\"markdown\"},\"content\":[{\"type\":\"text\",\"text\":\":embed{src=\\\"https://ixk.me\\\" title=\\\"My Homepage\\\"}\\n:embed{src=\\\"https://gist.github.com/syfxlin/bef0c2f70beee99061f1612968a3e085\\\" title=\\\"Weekly development breakdown\\\"}\\n// default support airtable, codepen, codesandbox, draw.io, gist, google docs, office\"}]}]}','2021-11-29 00:20:50.728494',22,'619fc3889d5f264f6f32d3d2','{\"cover\":\"https://images.pexels.com/photos/10278313/pexels-photo-10278313.jpeg\"}','tada','Hello, Hoshi-Note'),('61a3ae2018c9feb51acb7e7c','{\"type\":\"doc\",\"content\":[{\"type\":\"blockquote\",\"content\":[{\"type\":\"paragraph\",\"content\":[{\"type\":\"text\",\"text\":\"Hoshi-Note 采用富文本编辑器，是面向个人使用的云笔记系统，基于 Spring Boot 和 React 工具流开发。\"}]}]},{\"type\":\"heading\",\"attrs\":{\"level\":3},\"content\":[{\"type\":\"text\",\"text\":\"编辑器支持的功能\"}]},{\"type\":\"bulletList\",\"content\":[{\"type\":\"listItem\",\"content\":[{\"type\":\"paragraph\",\"content\":[{\"type\":\"text\",\"text\":\"BlockMenu：块菜单，也称为斜杠菜单，通过 \'/\' 字符开启菜单，用于添加 nodes。\"}]}]},{\"type\":\"listItem\",\"content\":[{\"type\":\"paragraph\",\"content\":[{\"type\":\"text\",\"text\":\"FloatMenu：浮动菜单，选中文本开启菜单，用于将 marks 应用到文本。\"}]}]},{\"type\":\"listItem\",\"content\":[{\"type\":\"paragraph\",\"content\":[{\"type\":\"text\",\"text\":\"Clipboard：剪贴板扩展，用于解析粘贴的 Markdown 内容，同时在复制时将内容序列化为 Markdown。\"}]}]},{\"type\":\"listItem\",\"content\":[{\"type\":\"paragraph\",\"content\":[{\"type\":\"text\",\"text\":\"Markdown：Markdown 扩展，提供 Markdown 解析器和序列化器，使用 \"},{\"type\":\"text\",\"marks\":[{\"type\":\"link\",\"attrs\":{\"href\":\"https://github.com/remarkjs/remark\",\"target\":\"_blank\"}}],\"text\":\"remark\"},{\"type\":\"text\",\"text\":\" 处理 Markdown 语法。\"}]}]},{\"type\":\"listItem\",\"content\":[{\"type\":\"paragraph\",\"content\":[{\"type\":\"text\",\"text\":\"DropCursor：拖放内容。\"}]}]},{\"type\":\"listItem\",\"content\":[{\"type\":\"paragraph\",\"content\":[{\"type\":\"text\",\"text\":\"History：撤销重做。\"}]}]},{\"type\":\"listItem\",\"content\":[{\"type\":\"paragraph\",\"content\":[{\"type\":\"text\",\"text\":\"Emoji：表情扩展，将 Gemoji 解析为对应 Unicode 字符，同时提供了搜索、选择表情的功能，使用 \'::\' 打开。\"}]}]},{\"type\":\"listItem\",\"content\":[{\"type\":\"paragraph\",\"content\":[{\"type\":\"text\",\"text\":\"MathInline：行内公式，提供渲染 \"},{\"type\":\"text\",\"marks\":[{\"type\":\"link\",\"attrs\":{\"href\":\"https://katex.org/\",\"target\":\"_blank\"}}],\"text\":\"Katex\"},{\"type\":\"text\",\"text\":\" 公式的功能。\"}]}]},{\"type\":\"listItem\",\"content\":[{\"type\":\"paragraph\",\"content\":[{\"type\":\"text\",\"text\":\"MathBlock：公式块，提供渲染 \"},{\"type\":\"text\",\"marks\":[{\"type\":\"link\",\"attrs\":{\"href\":\"https://katex.org/\",\"target\":\"_blank\"}}],\"text\":\"Katex\"},{\"type\":\"text\",\"text\":\" 公式的功能。\"}]}]},{\"type\":\"listItem\",\"content\":[{\"type\":\"paragraph\",\"content\":[{\"type\":\"text\",\"text\":\"Diagram：图表块，提供渲染 \"},{\"type\":\"text\",\"marks\":[{\"type\":\"link\",\"attrs\":{\"href\":\"https://mermaid-js.github.io/mermaid/#/\",\"target\":\"_blank\"}}],\"text\":\"Mermaid\"},{\"type\":\"text\",\"text\":\" 图标的功能。\"}]}]},{\"type\":\"listItem\",\"content\":[{\"type\":\"paragraph\",\"content\":[{\"type\":\"text\",\"text\":\"Audio：音频块，用于插入音频。\"}]}]},{\"type\":\"listItem\",\"content\":[{\"type\":\"paragraph\",\"content\":[{\"type\":\"text\",\"text\":\"Video：视频块，用于插入视频。\"}]}]},{\"type\":\"listItem\",\"content\":[{\"type\":\"paragraph\",\"content\":[{\"type\":\"text\",\"text\":\"Details*：折叠内容块，可以作为隐藏内容，在回忆时查看。\"}]}]},{\"type\":\"listItem\",\"content\":[{\"type\":\"paragraph\",\"content\":[{\"type\":\"text\",\"text\":\"Embed：嵌入块，提供嵌入网页的功能。\"}]}]},{\"type\":\"listItem\",\"content\":[{\"type\":\"paragraph\",\"content\":[{\"type\":\"text\",\"text\":\"Blockquote：引用块。\"}]}]},{\"type\":\"listItem\",\"content\":[{\"type\":\"paragraph\",\"content\":[{\"type\":\"text\",\"text\":\"BulletList：无序列表。\"}]}]},{\"type\":\"listItem\",\"content\":[{\"type\":\"paragraph\",\"content\":[{\"type\":\"text\",\"text\":\"CodeBlock：代码块，拥有选择语言的功能。\"}]}]},{\"type\":\"listItem\",\"content\":[{\"type\":\"paragraph\",\"content\":[{\"type\":\"text\",\"text\":\"Heading：标题快。\"}]}]},{\"type\":\"listItem\",\"content\":[{\"type\":\"paragraph\",\"content\":[{\"type\":\"text\",\"text\":\"HorizontalRule：分隔线。\"}]}]},{\"type\":\"listItem\",\"content\":[{\"type\":\"paragraph\",\"content\":[{\"type\":\"text\",\"text\":\"Image：图片块，支持上传。\"}]}]},{\"type\":\"listItem\",\"content\":[{\"type\":\"paragraph\",\"content\":[{\"type\":\"text\",\"text\":\"OrderedList：有序列表。\"}]}]},{\"type\":\"listItem\",\"content\":[{\"type\":\"paragraph\",\"content\":[{\"type\":\"text\",\"text\":\"Table：表格块，支持动态修改行列。\"}]}]},{\"type\":\"listItem\",\"content\":[{\"type\":\"paragraph\",\"content\":[{\"type\":\"text\",\"text\":\"TaskList：任务列表。\"}]}]},{\"type\":\"listItem\",\"content\":[{\"type\":\"paragraph\",\"content\":[{\"type\":\"text\",\"text\":\"Bold：加粗。\"}]}]},{\"type\":\"listItem\",\"content\":[{\"type\":\"paragraph\",\"content\":[{\"type\":\"text\",\"text\":\"Code：行内代码。\"}]}]},{\"type\":\"listItem\",\"content\":[{\"type\":\"paragraph\",\"content\":[{\"type\":\"text\",\"text\":\"Highlight：文本高亮。\"}]}]},{\"type\":\"listItem\",\"content\":[{\"type\":\"paragraph\",\"content\":[{\"type\":\"text\",\"text\":\"Italic：斜体。\"}]}]},{\"type\":\"listItem\",\"content\":[{\"type\":\"paragraph\",\"content\":[{\"type\":\"text\",\"text\":\"Link：链接。\"}]}]},{\"type\":\"listItem\",\"content\":[{\"type\":\"paragraph\",\"content\":[{\"type\":\"text\",\"text\":\"Strike：删除线。\"}]}]}]},{\"type\":\"heading\",\"attrs\":{\"level\":1},\"content\":[{\"type\":\"text\",\"text\":\"Heading 1\"}]},{\"type\":\"heading\",\"attrs\":{\"level\":2},\"content\":[{\"type\":\"text\",\"text\":\"Heading 2\"}]},{\"type\":\"heading\",\"attrs\":{\"level\":3},\"content\":[{\"type\":\"text\",\"text\":\"Heading 3\"}]},{\"type\":\"heading\",\"attrs\":{\"level\":4},\"content\":[{\"type\":\"text\",\"text\":\"Heading 4\"}]},{\"type\":\"heading\",\"attrs\":{\"level\":5},\"content\":[{\"type\":\"text\",\"text\":\"Heading 5\"}]},{\"type\":\"heading\",\"attrs\":{\"level\":6},\"content\":[{\"type\":\"text\",\"text\":\"Heading 6\"}]},{\"type\":\"codeBlock\",\"attrs\":{\"language\":\"markdown\"},\"content\":[{\"type\":\"text\",\"text\":\"# heading 1\\n## heading 2\\n### heading 3\\n#### heading 4\\n##### heading 5\\n###### heading 6\"}]},{\"type\":\"paragraph\",\"content\":[{\"type\":\"text\",\"marks\":[{\"type\":\"bold\"}],\"text\":\"bold\"},{\"type\":\"text\",\"text\":\" \"},{\"type\":\"text\",\"marks\":[{\"type\":\"code\"}],\"text\":\"code\"},{\"type\":\"text\",\"text\":\" \"},{\"type\":\"text\",\"marks\":[{\"type\":\"italic\"}],\"text\":\"italic\"},{\"type\":\"text\",\"text\":\" \"},{\"type\":\"text\",\"marks\":[{\"type\":\"link\",\"attrs\":{\"href\":\"https://github.com/syfxlin/tiptap-starter-kit\",\"target\":\"_blank\"}}],\"text\":\"link\"},{\"type\":\"text\",\"text\":\" \"},{\"type\":\"text\",\"marks\":[{\"type\":\"strike\"}],\"text\":\"strike\"},{\"type\":\"text\",\"text\":\" \"},{\"type\":\"text\",\"marks\":[{\"type\":\"highlight\"}],\"text\":\"highlight\"}]},{\"type\":\"codeBlock\",\"attrs\":{\"language\":\"markdown\"},\"content\":[{\"type\":\"text\",\"text\":\"**bold** `code` *italic* [link](https://github.com/syfxlin/tiptap-starter-kit)\"}]},{\"type\":\"orderedList\",\"attrs\":{\"start\":1},\"content\":[{\"type\":\"listItem\",\"content\":[{\"type\":\"paragraph\",\"content\":[{\"type\":\"text\",\"text\":\"item 1\"}]}]},{\"type\":\"listItem\",\"content\":[{\"type\":\"paragraph\",\"content\":[{\"type\":\"text\",\"text\":\"item 2\"}]},{\"type\":\"orderedList\",\"attrs\":{\"start\":1},\"content\":[{\"type\":\"listItem\",\"content\":[{\"type\":\"paragraph\",\"content\":[{\"type\":\"text\",\"text\":\"item 3\"}]},{\"type\":\"orderedList\",\"attrs\":{\"start\":1},\"content\":[{\"type\":\"listItem\",\"content\":[{\"type\":\"paragraph\",\"content\":[{\"type\":\"text\",\"text\":\"item 4\"}]}]}]}]}]}]},{\"type\":\"listItem\",\"content\":[{\"type\":\"paragraph\",\"content\":[{\"type\":\"text\",\"text\":\"item 5\"}]}]}]},{\"type\":\"bulletList\",\"content\":[{\"type\":\"listItem\",\"content\":[{\"type\":\"paragraph\",\"content\":[{\"type\":\"text\",\"text\":\"item 1\"}]}]},{\"type\":\"listItem\",\"content\":[{\"type\":\"paragraph\",\"content\":[{\"type\":\"text\",\"text\":\"item 2\"}]},{\"type\":\"bulletList\",\"content\":[{\"type\":\"listItem\",\"content\":[{\"type\":\"paragraph\",\"content\":[{\"type\":\"text\",\"text\":\"item 3\"}]},{\"type\":\"bulletList\",\"content\":[{\"type\":\"listItem\",\"content\":[{\"type\":\"paragraph\",\"content\":[{\"type\":\"text\",\"text\":\"item 4\"}]}]}]}]}]}]},{\"type\":\"listItem\",\"content\":[{\"type\":\"paragraph\",\"content\":[{\"type\":\"text\",\"text\":\"item 5\"}]}]}]},{\"type\":\"taskList\",\"content\":[{\"type\":\"taskItem\",\"attrs\":{\"checked\":false},\"content\":[{\"type\":\"paragraph\",\"content\":[{\"type\":\"text\",\"text\":\"item 1\"}]}]},{\"type\":\"taskItem\",\"attrs\":{\"checked\":false},\"content\":[{\"type\":\"paragraph\",\"content\":[{\"type\":\"text\",\"text\":\"item 2\"}]},{\"type\":\"taskList\",\"content\":[{\"type\":\"taskItem\",\"attrs\":{\"checked\":true},\"content\":[{\"type\":\"paragraph\",\"content\":[{\"type\":\"text\",\"text\":\"item 3\"}]},{\"type\":\"taskList\",\"content\":[{\"type\":\"taskItem\",\"attrs\":{\"checked\":false},\"content\":[{\"type\":\"paragraph\",\"content\":[{\"type\":\"text\",\"text\":\"item 4\"}]}]}]}]}]}]},{\"type\":\"taskItem\",\"attrs\":{\"checked\":false},\"content\":[{\"type\":\"paragraph\",\"content\":[{\"type\":\"text\",\"text\":\"item 5\"}]}]}]},{\"type\":\"codeBlock\",\"attrs\":{\"language\":\"markdown\"},\"content\":[{\"type\":\"text\",\"text\":\"1.  item 1\\n2.  item 2\\n    1.  item 3\\n        1.  item 4\\n3.  item 5\\n\\n*   item 1\\n*   item 2\\n    *   item 3\\n        *   item 4\\n*   item 5\\n\\n*   [ ] item 1\\n*   [ ] item 2\\n    *   [x] item 3\\n        *   [ ] item 4\\n*   [ ] item 5\"}]},{\"type\":\"paragraph\",\"content\":[{\"type\":\"image\",\"attrs\":{\"src\":\"https://ixk.me/bg.jpg\",\"alt\":\"\",\"title\":\"\"}},{\"type\":\"audio\",\"attrs\":{\"src\":\"https://lab.ixk.me/assets/media/Summer.mp3\",\"title\":\"\"}}]},{\"type\":\"paragraph\",\"content\":[{\"type\":\"video\",\"attrs\":{\"src\":\"https://lab.ixk.me/assets/media/movie.mp4\",\"title\":\"\"}}]},{\"type\":\"codeBlock\",\"attrs\":{\"language\":\"markdown\"},\"content\":[{\"type\":\"text\",\"text\":\"![](https://ixk.me/bg.jpg)\\n:audio{src=\\\"https://lab.ixk.me/assets/media/Summer.mp3\\\"}\\n:video{src=\\\"https://lab.ixk.me/assets/media/movie.mp4\\\"}\"}]},{\"type\":\"blockquote\",\"content\":[{\"type\":\"paragraph\",\"content\":[{\"type\":\"text\",\"text\":\"blockquote\"}]}]},{\"type\":\"codeBlock\",\"attrs\":{\"language\":\"javascript\"},\"content\":[{\"type\":\"text\",\"text\":\"const this = \\\"coeeBlock\\\";\"}]},{\"type\":\"paragraph\",\"content\":[{\"type\":\"mathInline\",\"attrs\":{\"value\":\"E = mc^2\"}}]},{\"type\":\"mathBlock\",\"content\":[{\"type\":\"text\",\"text\":\"E = mc^2\"}]},{\"type\":\"horizontalRule\"},{\"type\":\"table\",\"content\":[{\"type\":\"tableRow\",\"content\":[{\"type\":\"tableHeader\",\"attrs\":{\"colspan\":1,\"rowspan\":1,\"colwidth\":null},\"content\":[{\"type\":\"paragraph\",\"content\":[{\"type\":\"text\",\"text\":\"Header\"}]}]},{\"type\":\"tableHeader\",\"attrs\":{\"colspan\":1,\"rowspan\":1,\"colwidth\":null},\"content\":[{\"type\":\"paragraph\",\"content\":[{\"type\":\"text\",\"text\":\"Header\"}]}]},{\"type\":\"tableHeader\",\"attrs\":{\"colspan\":1,\"rowspan\":1,\"colwidth\":null},\"content\":[{\"type\":\"paragraph\",\"content\":[{\"type\":\"text\",\"text\":\"Header\"}]}]}]},{\"type\":\"tableRow\",\"content\":[{\"type\":\"tableCell\",\"attrs\":{\"colspan\":1,\"rowspan\":1,\"colwidth\":null},\"content\":[{\"type\":\"paragraph\",\"content\":[{\"type\":\"text\",\"text\":\"Content\"}]}]},{\"type\":\"tableCell\",\"attrs\":{\"colspan\":1,\"rowspan\":1,\"colwidth\":null},\"content\":[{\"type\":\"paragraph\",\"content\":[{\"type\":\"text\",\"text\":\"Content\"}]}]},{\"type\":\"tableCell\",\"attrs\":{\"colspan\":1,\"rowspan\":1,\"colwidth\":null},\"content\":[{\"type\":\"paragraph\"}]}]},{\"type\":\"tableRow\",\"content\":[{\"type\":\"tableCell\",\"attrs\":{\"colspan\":1,\"rowspan\":1,\"colwidth\":null},\"content\":[{\"type\":\"paragraph\",\"content\":[{\"type\":\"text\",\"text\":\"Content\"}]}]},{\"type\":\"tableCell\",\"attrs\":{\"colspan\":1,\"rowspan\":1,\"colwidth\":null},\"content\":[{\"type\":\"paragraph\"}]},{\"type\":\"tableCell\",\"attrs\":{\"colspan\":1,\"rowspan\":1,\"colwidth\":null},\"content\":[{\"type\":\"paragraph\"}]}]}]},{\"type\":\"details\",\"attrs\":{\"open\":\"\",\"summary\":\"summary\"},\"content\":[{\"type\":\"paragraph\",\"content\":[{\"type\":\"text\",\"text\":\"content\"}]}]},{\"type\":\"diagram\",\"content\":[{\"type\":\"text\",\"text\":\"graph TD;\\n    A --> B;\"}]},{\"type\":\"codeBlock\",\"attrs\":{\"language\":\"markdown\"},\"content\":[{\"type\":\"text\",\"text\":\"> blockquote\\n\\n```javascript\\nconst this = \\\"coeeBlock\\\";\\n```\\n\\n$E = mc^2$\\n\\n$$\\nE = mc^2\\n$$\\n\\n***\\n\\n| Header  | Header  | Header |\\n| ------- | ------- | ------ |\\n| Content | Content |        |\\n| Content |         |        |\\n\\n:::details{open=\\\"true\\\" summary=\\\"summary\\\"}\\ncontent\\n:::\\n\\n:::diagram\\ngraph TD;\\n    A --> B;\\n:::\"}]},{\"type\":\"embed\",\"attrs\":{\"src\":\"https://ixk.me\",\"title\":\"My Homepage\"}},{\"type\":\"embed\",\"attrs\":{\"src\":\"https://gist.github.com/syfxlin/bef0c2f70beee99061f1612968a3e085\",\"title\":\"Weekly development breakdown\"}},{\"type\":\"codeBlock\",\"attrs\":{\"language\":\"markdown\"},\"content\":[{\"type\":\"text\",\"text\":\":embed{src=\\\"https://ixk.me\\\" title=\\\"My Homepage\\\"}\\n:embed{src=\\\"https://gist.github.com/syfxlin/bef0c2f70beee99061f1612968a3e085\\\" title=\\\"Weekly development breakdown\\\"}\\n// default support airtable, codepen, codesandbox, draw.io, gist, google docs, office\"}]}]}','2021-11-29 00:28:16.793363',25,'619fc3889d5f264f6f32d3d2','{\"cover\":\"https://images.pexels.com/photos/10278313/pexels-photo-10278313.jpeg\"}','tada','Hello, Hoshi-Note'),('61a3b6aa18c9feb51acb7e7d','{\"type\":\"doc\",\"content\":[{\"type\":\"paragraph\"},{\"type\":\"paragraph\"},{\"type\":\"paragraph\"},{\"type\":\"paragraph\"},{\"type\":\"paragraph\"},{\"type\":\"paragraph\"},{\"type\":\"paragraph\"},{\"type\":\"paragraph\"},{\"type\":\"paragraph\"}]}','2021-11-29 01:04:42.591453',5,'61a3a62518c9feb51acb7e74',NULL,NULL,'新页面'),('61a3b71718c9feb51acb7e7e','{\"type\":\"doc\",\"content\":[{\"type\":\"paragraph\"},{\"type\":\"paragraph\"},{\"type\":\"paragraph\"},{\"type\":\"paragraph\"},{\"type\":\"paragraph\"},{\"type\":\"paragraph\"},{\"type\":\"paragraph\"},{\"type\":\"paragraph\"},{\"type\":\"codeBlock\",\"attrs\":{\"language\":\"javascript\"},\"content\":[{\"type\":\"text\",\"text\":\"public class Main {\\n}\"}]}]}','2021-11-29 01:06:31.256337',8,'61a3a62518c9feb51acb7e74',NULL,NULL,'新页面'),('61a3ba7918c9feb51acb7e7f','{\"type\":\"doc\",\"content\":[{\"type\":\"paragraph\"},{\"type\":\"codeBlock\",\"attrs\":{\"language\":\"javascript\"},\"content\":[{\"type\":\"text\",\"text\":\"console.log(\\\"代码块\\\");\"}]},{\"type\":\"paragraph\",\"content\":[{\"type\":\"mathInline\",\"attrs\":{\"value\":\"E = mc^2\"}}]},{\"type\":\"blockquote\",\"content\":[{\"type\":\"paragraph\",\"content\":[{\"type\":\"text\",\"text\":\"引用\"}]}]},{\"type\":\"table\",\"content\":[{\"type\":\"tableRow\",\"content\":[{\"type\":\"tableHeader\",\"attrs\":{\"colspan\":1,\"rowspan\":1,\"colwidth\":null},\"content\":[{\"type\":\"paragraph\"}]},{\"type\":\"tableHeader\",\"attrs\":{\"colspan\":1,\"rowspan\":1,\"colwidth\":null},\"content\":[{\"type\":\"paragraph\"}]},{\"type\":\"tableCell\",\"attrs\":{\"colspan\":1,\"rowspan\":1,\"colwidth\":null},\"content\":[{\"type\":\"paragraph\"}]},{\"type\":\"tableCell\",\"attrs\":{\"colspan\":1,\"rowspan\":1,\"colwidth\":null},\"content\":[{\"type\":\"paragraph\"}]},{\"type\":\"tableCell\",\"attrs\":{\"colspan\":1,\"rowspan\":1,\"colwidth\":null},\"content\":[{\"type\":\"paragraph\"}]},{\"type\":\"tableCell\",\"attrs\":{\"colspan\":1,\"rowspan\":1,\"colwidth\":null},\"content\":[{\"type\":\"paragraph\"}]}]}]},{\"type\":\"details\",\"attrs\":{\"open\":false,\"summary\":\"折叠内容\"},\"content\":[{\"type\":\"paragraph\",\"content\":[{\"type\":\"text\",\"text\":\"折叠\"}]}]},{\"type\":\"diagram\",\"content\":[{\"type\":\"text\",\"text\":\"graph TD;\\nA--->B\"}]}]}','2021-11-29 01:20:57.671031',10,'61a3a62518c9feb51acb7e74',NULL,NULL,'新页面'),('61a3bab618c9feb51acb7e80','{\"type\":\"doc\",\"content\":[{\"type\":\"paragraph\"},{\"type\":\"codeBlock\",\"attrs\":{\"language\":\"sh\"},\"content\":[{\"type\":\"text\",\"text\":\"console.log(\\\"代码块\\\");\"}]},{\"type\":\"paragraph\",\"content\":[{\"type\":\"mathInline\",\"attrs\":{\"value\":\"E = mc^3\"}}]},{\"type\":\"blockquote\",\"content\":[{\"type\":\"paragraph\",\"content\":[{\"type\":\"text\",\"text\":\"引用\"}]}]},{\"type\":\"table\",\"content\":[{\"type\":\"tableRow\",\"content\":[{\"type\":\"tableHeader\",\"attrs\":{\"colspan\":1,\"rowspan\":1,\"colwidth\":null},\"content\":[{\"type\":\"paragraph\"}]},{\"type\":\"tableHeader\",\"attrs\":{\"colspan\":1,\"rowspan\":1,\"colwidth\":null},\"content\":[{\"type\":\"paragraph\"}]},{\"type\":\"tableHeader\",\"attrs\":{\"colspan\":1,\"rowspan\":1,\"colwidth\":null},\"content\":[{\"type\":\"paragraph\"}]},{\"type\":\"tableCell\",\"attrs\":{\"colspan\":1,\"rowspan\":1,\"colwidth\":null},\"content\":[{\"type\":\"paragraph\"}]},{\"type\":\"tableCell\",\"attrs\":{\"colspan\":1,\"rowspan\":1,\"colwidth\":null},\"content\":[{\"type\":\"paragraph\"}]},{\"type\":\"tableCell\",\"attrs\":{\"colspan\":1,\"rowspan\":1,\"colwidth\":null},\"content\":[{\"type\":\"paragraph\"}]},{\"type\":\"tableCell\",\"attrs\":{\"colspan\":1,\"rowspan\":1,\"colwidth\":null},\"content\":[{\"type\":\"paragraph\"}]}]}]},{\"type\":\"details\",\"attrs\":{\"open\":false,\"summary\":\"折叠内容\"},\"content\":[{\"type\":\"paragraph\",\"content\":[{\"type\":\"text\",\"text\":\"折叠\"}]}]},{\"type\":\"diagram\",\"content\":[{\"type\":\"text\",\"text\":\"graph TD;\\nA--->B\"}]}]}','2021-11-29 01:21:58.232514',11,'61a3a62518c9feb51acb7e74',NULL,NULL,'新页面');
/*!40000 ALTER TABLE `note_history` ENABLE KEYS */;
UNLOCK TABLES;

--
-- Table structure for table `role`
--

DROP TABLE IF EXISTS `role`;
/*!40101 SET @saved_cs_client     = @@character_set_client */;
/*!50503 SET character_set_client = utf8mb4 */;
CREATE TABLE `role` (
  `name` varchar(50) NOT NULL,
  `created_time` datetime(6) NOT NULL,
  `description` text,
  `status` bit(1) NOT NULL,
  PRIMARY KEY (`name`)
) ENGINE=InnoDB DEFAULT CHARSET=utf8mb4 COLLATE=utf8mb4_0900_ai_ci;
/*!40101 SET character_set_client = @saved_cs_client */;

--
-- Dumping data for table `role`
--

LOCK TABLES `role` WRITE;
/*!40000 ALTER TABLE `role` DISABLE KEYS */;
INSERT INTO `role` VALUES ('ADMIN','2021-11-15 15:29:46.000000','Admin',_binary ''),('USER','2021-11-15 15:29:58.000000','User',_binary '');
/*!40000 ALTER TABLE `role` ENABLE KEYS */;
UNLOCK TABLES;

--
-- Table structure for table `role_permissions`
--

DROP TABLE IF EXISTS `role_permissions`;
/*!40101 SET @saved_cs_client     = @@character_set_client */;
/*!50503 SET character_set_client = utf8mb4 */;
CREATE TABLE `role_permissions` (
  `role_name` varchar(50) NOT NULL,
  `permissions` varchar(255) DEFAULT NULL,
  KEY `FKcppvu8fk24eqqn6q4hws7ajux` (`role_name`),
  CONSTRAINT `FKcppvu8fk24eqqn6q4hws7ajux` FOREIGN KEY (`role_name`) REFERENCES `role` (`name`)
) ENGINE=InnoDB DEFAULT CHARSET=utf8mb4 COLLATE=utf8mb4_0900_ai_ci;
/*!40101 SET character_set_client = @saved_cs_client */;

--
-- Dumping data for table `role_permissions`
--

LOCK TABLES `role_permissions` WRITE;
/*!40000 ALTER TABLE `role_permissions` DISABLE KEYS */;
INSERT INTO `role_permissions` VALUES ('ADMIN','USER_MANAGER'),('ADMIN','ROLE_MANAGER'),('USER','PEXELS'),('USER','NOTE'),('USER','ME'),('USER','FOLLOW_USER'),('USER','WORKSPACE'),('USER','ME_LOGGED_MANAGER'),('USER','FILE'),('USER','TOKEN');
/*!40000 ALTER TABLE `role_permissions` ENABLE KEYS */;
UNLOCK TABLES;

--
-- Table structure for table `token`
--

DROP TABLE IF EXISTS `token`;
/*!40101 SET @saved_cs_client     = @@character_set_client */;
/*!50503 SET character_set_client = utf8mb4 */;
CREATE TABLE `token` (
  `id` bigint NOT NULL AUTO_INCREMENT,
  `name` varchar(255) NOT NULL,
  `token` varchar(255) NOT NULL,
  `user_id` bigint DEFAULT NULL,
  PRIMARY KEY (`id`),
  UNIQUE KEY `UK_pddrhgwxnms2aceeku9s2ewy5` (`token`),
  UNIQUE KEY `idx_token_token_unq` (`token`),
  KEY `FKe32ek7ixanakfqsdaokm4q9y2` (`user_id`),
  CONSTRAINT `FKe32ek7ixanakfqsdaokm4q9y2` FOREIGN KEY (`user_id`) REFERENCES `user` (`id`)
) ENGINE=InnoDB AUTO_INCREMENT=5 DEFAULT CHARSET=utf8mb4 COLLATE=utf8mb4_0900_ai_ci;
/*!40101 SET character_set_client = @saved_cs_client */;

--
-- Dumping data for table `token`
--

LOCK TABLES `token` WRITE;
/*!40000 ALTER TABLE `token` DISABLE KEYS */;
INSERT INTO `token` VALUES (1,'Test','cfb2df33-4e11-4d39-8620-a6c8e8b1d120',1),(3,'Test1','90a1b41d-76bf-4a3a-8cf0-0fa9450520be',1);
/*!40000 ALTER TABLE `token` ENABLE KEYS */;
UNLOCK TABLES;

--
-- Table structure for table `user`
--

DROP TABLE IF EXISTS `user`;
/*!40101 SET @saved_cs_client     = @@character_set_client */;
/*!50503 SET character_set_client = utf8mb4 */;
CREATE TABLE `user` (
  `id` bigint NOT NULL AUTO_INCREMENT,
  `created_time` datetime(6) DEFAULT NULL,
  `email` varchar(75) NOT NULL,
  `followers_count` int DEFAULT NULL,
  `following_count` int DEFAULT NULL,
  `nickname` varchar(50) NOT NULL,
  `password` varchar(255) NOT NULL,
  `status` bit(1) DEFAULT NULL,
  `username` varchar(50) NOT NULL,
  `user_info` bigint DEFAULT NULL,
  PRIMARY KEY (`id`),
  UNIQUE KEY `UK_ob8kqyqqgmefl0aco34akdtpe` (`email`),
  UNIQUE KEY `UK_sb8bbouer5wak8vyiiy4pf2bx` (`username`),
  UNIQUE KEY `idx_user_username_unq` (`username`),
  UNIQUE KEY `idx_user_email_unq` (`email`),
  KEY `FKdh5gm0boph7bof0keg1qxph6x` (`user_info`),
  CONSTRAINT `FKdh5gm0boph7bof0keg1qxph6x` FOREIGN KEY (`user_info`) REFERENCES `user_info` (`id`)
) ENGINE=InnoDB AUTO_INCREMENT=6 DEFAULT CHARSET=utf8mb4 COLLATE=utf8mb4_0900_ai_ci;
/*!40101 SET character_set_client = @saved_cs_client */;

--
-- Dumping data for table `user`
--

LOCK TABLES `user` WRITE;
/*!40000 ALTER TABLE `user` DISABLE KEYS */;
INSERT INTO `user` VALUES (1,'2021-11-15 15:37:08.000000','i@ixk.me',0,1,'Otstar Lin','$2a$10$r4ICcs8qpz6wfTrXpvP8BeYKYd.FfNSIdH9DKp2z1KgRlMs29eQ/O',_binary '','admin',1),(2,'2021-11-15 15:47:49.127214','test@ixk.me',1,0,'test','$2a$10$OcOtruU1GVUzZn9Lbk/clOWHC6GXrPGf2VQ1rlbqkEl4vFJzWjg9q',_binary '','test',2);
/*!40000 ALTER TABLE `user` ENABLE KEYS */;
UNLOCK TABLES;

--
-- Table structure for table `user_info`
--

DROP TABLE IF EXISTS `user_info`;
/*!40101 SET @saved_cs_client     = @@character_set_client */;
/*!50503 SET character_set_client = utf8mb4 */;
CREATE TABLE `user_info` (
  `id` bigint NOT NULL AUTO_INCREMENT,
  `address` varchar(255) DEFAULT NULL,
  `avatar` varchar(255) DEFAULT NULL,
  `bio` varchar(255) DEFAULT NULL,
  `company` varchar(255) DEFAULT NULL,
  `status` varchar(255) DEFAULT NULL,
  `url` varchar(255) DEFAULT NULL,
  PRIMARY KEY (`id`)
) ENGINE=InnoDB AUTO_INCREMENT=6 DEFAULT CHARSET=utf8mb4 COLLATE=utf8mb4_0900_ai_ci;
/*!40101 SET character_set_client = @saved_cs_client */;

--
-- Dumping data for table `user_info`
--

LOCK TABLES `user_info` WRITE;
/*!40000 ALTER TABLE `user_info` DISABLE KEYS */;
INSERT INTO `user_info` VALUES (1,'Quanzhou','http://localhost:7000/hoshi-file/files/1/829e9d06-46fa-4e6d-aa62-e6093d52687a.png','Bio','XK-Lab','Learing','https://ixk.me'),(2,NULL,NULL,NULL,NULL,NULL,NULL);
/*!40000 ALTER TABLE `user_info` ENABLE KEYS */;
UNLOCK TABLES;

--
-- Table structure for table `user_role_relation`
--

DROP TABLE IF EXISTS `user_role_relation`;
/*!40101 SET @saved_cs_client     = @@character_set_client */;
/*!50503 SET character_set_client = utf8mb4 */;
CREATE TABLE `user_role_relation` (
  `user_id` bigint NOT NULL,
  `role_name` varchar(50) NOT NULL,
  KEY `FKp4awt1abm59ce4gj8m0pdlbsn` (`role_name`),
  KEY `FKo7bl1miqkg694yg5jlehsnn24` (`user_id`),
  CONSTRAINT `FKo7bl1miqkg694yg5jlehsnn24` FOREIGN KEY (`user_id`) REFERENCES `user` (`id`),
  CONSTRAINT `FKp4awt1abm59ce4gj8m0pdlbsn` FOREIGN KEY (`role_name`) REFERENCES `role` (`name`)
) ENGINE=InnoDB DEFAULT CHARSET=utf8mb4 COLLATE=utf8mb4_0900_ai_ci;
/*!40101 SET character_set_client = @saved_cs_client */;

--
-- Dumping data for table `user_role_relation`
--

LOCK TABLES `user_role_relation` WRITE;
/*!40000 ALTER TABLE `user_role_relation` DISABLE KEYS */;
INSERT INTO `user_role_relation` VALUES (1,'USER'),(1,'ADMIN'),(2,'USER');
/*!40000 ALTER TABLE `user_role_relation` ENABLE KEYS */;
UNLOCK TABLES;

--
-- Table structure for table `workspace`
--

DROP TABLE IF EXISTS `workspace`;
/*!40101 SET @saved_cs_client     = @@character_set_client */;
/*!50503 SET character_set_client = utf8mb4 */;
CREATE TABLE `workspace` (
  `id` varchar(255) NOT NULL,
  `created_time` datetime(6) NOT NULL,
  `description` varchar(255) DEFAULT NULL,
  `disclose` bit(1) NOT NULL,
  `domain` varchar(50) DEFAULT NULL,
  `icon` varchar(255) DEFAULT NULL,
  `name` varchar(50) NOT NULL,
  `user_id` bigint DEFAULT NULL,
  PRIMARY KEY (`id`),
  UNIQUE KEY `UK_1y8n19cqvtt6uls1lfbpe9a74` (`domain`),
  KEY `idx_workspace_user_id` (`user_id`),
  KEY `idx_workspace_name` (`name`),
  KEY `idx_workspace_domain` (`domain`)
) ENGINE=InnoDB DEFAULT CHARSET=utf8mb4 COLLATE=utf8mb4_0900_ai_ci;
/*!40101 SET character_set_client = @saved_cs_client */;

--
-- Dumping data for table `workspace`
--

LOCK TABLES `workspace` WRITE;
/*!40000 ALTER TABLE `workspace` DISABLE KEYS */;
INSERT INTO `workspace` VALUES ('6196408307fab40ae1d69322','2021-11-18 20:05:09.000000',NULL,_binary '',NULL,'spiral_calendar_pad','Journals',1),('6198b5c924acf04488e0db51','2021-11-20 16:46:01.166061','这是一段修改后的描述',_binary '\0','test','computer','Technology',1),('619fb1639d5f264f6f32d3cd','2021-11-25 23:53:07.034371','',_binary '\0','','ledger','Notes',1),('61a341b218c996b4353e9683','2021-11-28 16:45:38.637842',NULL,_binary '\0',NULL,'package','Box',1),('61a341bc18c996b4353e9684','2021-11-28 16:45:48.673962',NULL,_binary '\0',NULL,'sparkles','Project',1),('61a341c118c996b4353e9685','2021-11-28 16:45:53.724507',NULL,_binary '\0',NULL,'tada','Hello',1);
/*!40000 ALTER TABLE `workspace` ENABLE KEYS */;
UNLOCK TABLES;

--
-- Table structure for table `workspace_collaborator_relation`
--

DROP TABLE IF EXISTS `workspace_collaborator_relation`;
/*!40101 SET @saved_cs_client     = @@character_set_client */;
/*!50503 SET character_set_client = utf8mb4 */;
CREATE TABLE `workspace_collaborator_relation` (
  `workspace_id` varchar(255) NOT NULL,
  `collaborator_id` bigint NOT NULL,
  PRIMARY KEY (`workspace_id`,`collaborator_id`),
  UNIQUE KEY `UK_nylho67ljfcjrua6gakh6crmq` (`collaborator_id`),
  CONSTRAINT `FK2hxjj6ftr4hfsrnjq4195y4jk` FOREIGN KEY (`workspace_id`) REFERENCES `workspace` (`id`),
  CONSTRAINT `FKeop2r6dsqnuquf2a2syxb7xyq` FOREIGN KEY (`collaborator_id`) REFERENCES `collaborator` (`id`)
) ENGINE=InnoDB DEFAULT CHARSET=utf8mb4 COLLATE=utf8mb4_0900_ai_ci;
/*!40101 SET character_set_client = @saved_cs_client */;

--
-- Dumping data for table `workspace_collaborator_relation`
--

LOCK TABLES `workspace_collaborator_relation` WRITE;
/*!40000 ALTER TABLE `workspace_collaborator_relation` DISABLE KEYS */;
/*!40000 ALTER TABLE `workspace_collaborator_relation` ENABLE KEYS */;
UNLOCK TABLES;
/*!40103 SET TIME_ZONE=@OLD_TIME_ZONE */;

/*!40101 SET SQL_MODE=@OLD_SQL_MODE */;
/*!40014 SET FOREIGN_KEY_CHECKS=@OLD_FOREIGN_KEY_CHECKS */;
/*!40014 SET UNIQUE_CHECKS=@OLD_UNIQUE_CHECKS */;
/*!40101 SET CHARACTER_SET_CLIENT=@OLD_CHARACTER_SET_CLIENT */;
/*!40101 SET CHARACTER_SET_RESULTS=@OLD_CHARACTER_SET_RESULTS */;
/*!40101 SET COLLATION_CONNECTION=@OLD_COLLATION_CONNECTION */;
/*!40111 SET SQL_NOTES=@OLD_SQL_NOTES */;

-- Dump completed on 2022-02-02 21:50:10
