--
-- hoshi-note 各模块均启动后执行，jpa 会自动建表
--

INSERT INTO file (id, description, disk, name, size, uploaded_time, user_id, content_type) VALUES (5, '123', 'f38a7af6-a2ad-42ba-87cc-393ee6a6d283.jpg', '1_eebbecb3-6f12-4954-9e27-e4663d2907f8.jpg', 186461, '2021-11-16 15:23:20.185196', 1, 'image/jpeg');
INSERT INTO file (id, description, disk, name, size, uploaded_time, user_id, content_type) VALUES (6, 'dfdfdfd', '188b0504-8da2-434d-87f9-d7c8ed665e5a.jpg', '1_eebbecb3-6f12-4954-9e27-e4663d2907f8.jpg', 186461, '2021-11-16 15:26:58.918184', 1, 'image/jpeg');
INSERT INTO file (id, description, disk, name, size, uploaded_time, user_id, content_type) VALUES (7, 'testsete', 'dcda1e01-b59d-4b45-97e8-6950daf7a8c3.mp4', 'movie.mp4', 318465, '2021-11-16 15:28:42.308457', 1, 'video/mp4');
INSERT INTO file (id, description, disk, name, size, uploaded_time, user_id, content_type) VALUES (8, null, 'a6db7494-332a-4984-a7cf-8592ce16805e.jpg', '2019-03-28 00h-11.jpg', 522109, '2021-11-16 19:54:19.722574', 1, 'image/jpeg');
INSERT INTO file (id, description, disk, name, size, uploaded_time, user_id, content_type) VALUES (9, null, 'c101696e-1dcf-438d-a8fa-4bba75cbe600.jpg', '2019-03-28 00h-13.jpg', 395068, '2021-11-16 19:55:17.507136', 1, 'image/jpeg');
INSERT INTO file (id, description, disk, name, size, uploaded_time, user_id, content_type) VALUES (11, null, '829e9d06-46fa-4e6d-aa62-e6093d52687a.png', 'avatar-full.png', 179248, '2021-11-18 17:23:31.133296', 1, 'image/png');
INSERT INTO file (id, description, disk, name, size, uploaded_time, user_id, content_type) VALUES (12, null, 'fd91ea37-7ada-47fd-bd4f-1a152803519b.jpg', '2019-03-28 00h-8.jpg', 549009, '2021-11-27 15:24:33.763230', 1, 'image/jpeg');

INSERT INTO workspace (id, created_time, description, disclose, domain, icon, name, user_id) VALUES ('6196408307fab40ae1d69322', '2021-11-18 20:05:09', null, true, null, 'spiral_calendar_pad', 'Journals', 1);
INSERT INTO workspace (id, created_time, description, disclose, domain, icon, name, user_id) VALUES ('6198b5c924acf04488e0db51', '2021-11-20 16:46:01.166061', '这是一段修改后的描述', false, 'test', 'computer', 'Technology', 1);
INSERT INTO workspace (id, created_time, description, disclose, domain, icon, name, user_id) VALUES ('619fb1639d5f264f6f32d3cd', '2021-11-25 23:53:07.034371', '', false, '', 'ledger', 'Notes', 1);
INSERT INTO workspace (id, created_time, description, disclose, domain, icon, name, user_id) VALUES ('61a341b218c996b4353e9683', '2021-11-28 16:45:38.637842', null, false, null, 'package', 'Box', 1);
INSERT INTO workspace (id, created_time, description, disclose, domain, icon, name, user_id) VALUES ('61a341bc18c996b4353e9684', '2021-11-28 16:45:48.673962', null, false, null, 'sparkles', 'Project', 1);
INSERT INTO workspace (id, created_time, description, disclose, domain, icon, name, user_id) VALUES ('61a341c118c996b4353e9685', '2021-11-28 16:45:53.724507', null, false, null, 'tada', 'Hello', 1);

INSERT INTO note (id, attributes, content, created_time, name, status, updated_time, version, parent_id, workspace_id, icon, share) VALUES ('6198b69224aca403e08fdf2b', null, null, '2021-11-20 16:49:22.489300', 'Test1', 'NORMAL', '2021-11-25 23:46:02.274841', 2, null, '6198b5c924acf04488e0db51', 'grinning', false);
INSERT INTO note (id, attributes, content, created_time, name, status, updated_time, version, parent_id, workspace_id, icon, share) VALUES ('6198b69924aca403e08fdf2c', null, null, '2021-11-20 16:49:29.304340', 'Test2', 'NORMAL', '2021-11-20 16:49:29.304340', 1, '6198b69224aca403e08fdf2b', '6198b5c924acf04488e0db51', 'innocent', false);
INSERT INTO note (id, attributes, content, created_time, name, status, updated_time, version, parent_id, workspace_id, icon, share) VALUES ('619c9c4466c9af200ea643dd', '{"cover":"https://images.pexels.com/photos/10293189/pexels-photo-10293189.jpeg"}', '{"type":"doc","content":[{"type":"paragraph","content":[{"type":"text","text":"dd"}]},{"type":"paragraph","content":[{"type":"mathInline","attrs":{"value":"E = mc^2"}}]},{"type":"mathBlock","content":[{"type":"text","text":"E=mc^2"}]}]}', '2021-11-23 15:46:12.503392', '新页面', 'NORMAL', '2021-11-29 16:47:30.602174', 70, null, '6196408307fab40ae1d69322', 'grinning', true);
INSERT INTO note (id, attributes, content, created_time, name, status, updated_time, version, parent_id, workspace_id, icon, share) VALUES ('619c9e2966c967bc4ff2dbb3', null, null, '2021-11-23 15:54:17.090999', '新页面', 'NORMAL', '2021-11-25 16:31:42.126441', 3, '619c9c4466c9af200ea643dd', '6196408307fab40ae1d69322', null, true);
INSERT INTO note (id, attributes, content, created_time, name, status, updated_time, version, parent_id, workspace_id, icon, share) VALUES ('619ca52066c967bc4ff2dbba', '{"cover":"https://ixk.me/bg.jpg"}', null, '2021-11-23 16:24:00.950128', '新页面', 'NORMAL', '2021-11-27 16:20:56.354308', 8, null, '6196408307fab40ae1d69322', 'joy', false);
INSERT INTO note (id, attributes, content, created_time, name, status, updated_time, version, parent_id, workspace_id, icon, share) VALUES ('619ca59666c967bc4ff2dbbb', null, null, '2021-11-23 16:25:58.696507', '新页面', 'NORMAL', '2021-11-26 00:44:20.077618', 4, '619c9c4466c9af200ea643dd', '6196408307fab40ae1d69322', 'rolling_on_the_floor_laughing', true);
INSERT INTO note (id, attributes, content, created_time, name, status, updated_time, version, parent_id, workspace_id, icon, share) VALUES ('619ca64766c9a921c6428cc9', null, null, '2021-11-23 16:28:55.174010', '新页面', 'NORMAL', '2021-11-23 16:28:55.174010', 1, '619c9c4466c9af200ea643dd', '6196408307fab40ae1d69322', null, true);
INSERT INTO note (id, attributes, content, created_time, name, status, updated_time, version, parent_id, workspace_id, icon, share) VALUES ('619cd61366c920eb51fdfff5', null, null, '2021-11-23 19:52:51.155122', '新页面', 'NORMAL', '2021-11-23 19:52:51.155122', 1, '619ca52066c967bc4ff2dbba', '6196408307fab40ae1d69322', null, false);
INSERT INTO note (id, attributes, content, created_time, name, status, updated_time, version, parent_id, workspace_id, icon, share) VALUES ('619f446a9d5f091f2666ccf8', null, null, '2021-11-25 16:08:10.127038', '新页面', 'NORMAL', '2021-11-25 16:08:10.127038', 1, '6198b69924aca403e08fdf2c', '6198b5c924acf04488e0db51', null, false);
INSERT INTO note (id, attributes, content, created_time, name, status, updated_time, version, parent_id, workspace_id, icon, share) VALUES ('619fc3889d5f264f6f32d3d2', '{"cover":"https://images.pexels.com/photos/10278313/pexels-photo-10278313.jpeg"}', '{"type":"doc","content":[{"type":"blockquote","content":[{"type":"paragraph","content":[{"type":"text","text":"Hoshi-Note 采用富文本编辑器，是面向个人使用的云笔记系统，基于 Spring Boot 和 React 工具流开发。"}]}]},{"type":"heading","attrs":{"level":3},"content":[{"type":"text","text":"编辑器支持的功能"}]},{"type":"bulletList","content":[{"type":"listItem","content":[{"type":"paragraph","content":[{"type":"text","text":"BlockMenu：块菜单，也称为斜杠菜单，通过 ''/'' 字符开启菜单，用于添加 nodes。"}]}]},{"type":"listItem","content":[{"type":"paragraph","content":[{"type":"text","text":"FloatMenu：浮动菜单，选中文本开启菜单，用于将 marks 应用到文本。"}]}]},{"type":"listItem","content":[{"type":"paragraph","content":[{"type":"text","text":"Clipboard：剪贴板扩展，用于解析粘贴的 Markdown 内容，同时在复制时将内容序列化为 Markdown。"}]}]},{"type":"listItem","content":[{"type":"paragraph","content":[{"type":"text","text":"Markdown：Markdown 扩展，提供 Markdown 解析器和序列化器，使用 "},{"type":"text","marks":[{"type":"link","attrs":{"href":"https://github.com/remarkjs/remark","target":"_blank"}}],"text":"remark"},{"type":"text","text":" 处理 Markdown 语法。"}]}]},{"type":"listItem","content":[{"type":"paragraph","content":[{"type":"text","text":"DropCursor：拖放内容。"}]}]},{"type":"listItem","content":[{"type":"paragraph","content":[{"type":"text","text":"History：撤销重做。"}]}]},{"type":"listItem","content":[{"type":"paragraph","content":[{"type":"text","text":"Emoji：表情扩展，将 Gemoji 解析为对应 Unicode 字符，同时提供了搜索、选择表情的功能，使用 ''::'' 打开。"}]}]},{"type":"listItem","content":[{"type":"paragraph","content":[{"type":"text","text":"MathInline：行内公式，提供渲染 "},{"type":"text","marks":[{"type":"link","attrs":{"href":"https://katex.org/","target":"_blank"}}],"text":"Katex"},{"type":"text","text":" 公式的功能。"}]}]},{"type":"listItem","content":[{"type":"paragraph","content":[{"type":"text","text":"MathBlock：公式块，提供渲染 "},{"type":"text","marks":[{"type":"link","attrs":{"href":"https://katex.org/","target":"_blank"}}],"text":"Katex"},{"type":"text","text":" 公式的功能。"}]}]},{"type":"listItem","content":[{"type":"paragraph","content":[{"type":"text","text":"Diagram：图表块，提供渲染 "},{"type":"text","marks":[{"type":"link","attrs":{"href":"https://mermaid-js.github.io/mermaid/#/","target":"_blank"}}],"text":"Mermaid"},{"type":"text","text":" 图标的功能。"}]}]},{"type":"listItem","content":[{"type":"paragraph","content":[{"type":"text","text":"Audio：音频块，用于插入音频。"}]}]},{"type":"listItem","content":[{"type":"paragraph","content":[{"type":"text","text":"Video：视频块，用于插入视频。"}]}]},{"type":"listItem","content":[{"type":"paragraph","content":[{"type":"text","text":"Details*：折叠内容块，可以作为隐藏内容，在回忆时查看。"}]}]},{"type":"listItem","content":[{"type":"paragraph","content":[{"type":"text","text":"Embed：嵌入块，提供嵌入网页的功能。"}]}]},{"type":"listItem","content":[{"type":"paragraph","content":[{"type":"text","text":"Blockquote：引用块。"}]}]},{"type":"listItem","content":[{"type":"paragraph","content":[{"type":"text","text":"BulletList：无序列表。"}]}]},{"type":"listItem","content":[{"type":"paragraph","content":[{"type":"text","text":"CodeBlock：代码块，拥有选择语言的功能。"}]}]},{"type":"listItem","content":[{"type":"paragraph","content":[{"type":"text","text":"Heading：标题快。"}]}]},{"type":"listItem","content":[{"type":"paragraph","content":[{"type":"text","text":"HorizontalRule：分隔线。"}]}]},{"type":"listItem","content":[{"type":"paragraph","content":[{"type":"text","text":"Image：图片块，支持上传。"}]}]},{"type":"listItem","content":[{"type":"paragraph","content":[{"type":"text","text":"OrderedList：有序列表。"}]}]},{"type":"listItem","content":[{"type":"paragraph","content":[{"type":"text","text":"Table：表格块，支持动态修改行列。"}]}]},{"type":"listItem","content":[{"type":"paragraph","content":[{"type":"text","text":"TaskList：任务列表。"}]}]},{"type":"listItem","content":[{"type":"paragraph","content":[{"type":"text","text":"Bold：加粗。"}]}]},{"type":"listItem","content":[{"type":"paragraph","content":[{"type":"text","text":"Code：行内代码。"}]}]},{"type":"listItem","content":[{"type":"paragraph","content":[{"type":"text","text":"Highlight：文本高亮。"}]}]},{"type":"listItem","content":[{"type":"paragraph","content":[{"type":"text","text":"Italic：斜体。"}]}]},{"type":"listItem","content":[{"type":"paragraph","content":[{"type":"text","text":"Link：链接。"}]}]},{"type":"listItem","content":[{"type":"paragraph","content":[{"type":"text","text":"Strike：删除线。"}]}]}]},{"type":"heading","attrs":{"level":1},"content":[{"type":"text","text":"Heading 1"}]},{"type":"heading","attrs":{"level":2},"content":[{"type":"text","text":"Heading 2"}]},{"type":"heading","attrs":{"level":3},"content":[{"type":"text","text":"Heading 3"}]},{"type":"heading","attrs":{"level":4},"content":[{"type":"text","text":"Heading 4"}]},{"type":"heading","attrs":{"level":5},"content":[{"type":"text","text":"Heading 5"}]},{"type":"heading","attrs":{"level":6},"content":[{"type":"text","text":"Heading 6"}]},{"type":"codeBlock","attrs":{"language":"markdown"},"content":[{"type":"text","text":"# heading 1\\n## heading 2\\n### heading 3\\n#### heading 4\\n##### heading 5\\n###### heading 6"}]},{"type":"paragraph","content":[{"type":"text","marks":[{"type":"bold"}],"text":"bold"},{"type":"text","text":" "},{"type":"text","marks":[{"type":"code"}],"text":"code"},{"type":"text","text":" "},{"type":"text","marks":[{"type":"italic"}],"text":"italic"},{"type":"text","text":" "},{"type":"text","marks":[{"type":"link","attrs":{"href":"https://github.com/syfxlin/tiptap-starter-kit","target":"_blank"}}],"text":"link"},{"type":"text","text":" "},{"type":"text","marks":[{"type":"strike"}],"text":"strike"},{"type":"text","text":" "},{"type":"text","marks":[{"type":"highlight"}],"text":"highlight"}]},{"type":"codeBlock","attrs":{"language":"markdown"},"content":[{"type":"text","text":"**bold** `code` *italic* [link](https://github.com/syfxlin/tiptap-starter-kit)"}]},{"type":"orderedList","attrs":{"start":1},"content":[{"type":"listItem","content":[{"type":"paragraph","content":[{"type":"text","text":"item 1"}]}]},{"type":"listItem","content":[{"type":"paragraph","content":[{"type":"text","text":"item 2"}]},{"type":"orderedList","attrs":{"start":1},"content":[{"type":"listItem","content":[{"type":"paragraph","content":[{"type":"text","text":"item 3"}]},{"type":"orderedList","attrs":{"start":1},"content":[{"type":"listItem","content":[{"type":"paragraph","content":[{"type":"text","text":"item 4"}]}]}]}]}]}]},{"type":"listItem","content":[{"type":"paragraph","content":[{"type":"text","text":"item 5"}]}]}]},{"type":"bulletList","content":[{"type":"listItem","content":[{"type":"paragraph","content":[{"type":"text","text":"item 1"}]}]},{"type":"listItem","content":[{"type":"paragraph","content":[{"type":"text","text":"item 2"}]},{"type":"bulletList","content":[{"type":"listItem","content":[{"type":"paragraph","content":[{"type":"text","text":"item 3"}]},{"type":"bulletList","content":[{"type":"listItem","content":[{"type":"paragraph","content":[{"type":"text","text":"item 4"}]}]}]}]}]}]},{"type":"listItem","content":[{"type":"paragraph","content":[{"type":"text","text":"item 5"}]}]}]},{"type":"taskList","content":[{"type":"taskItem","attrs":{"checked":false},"content":[{"type":"paragraph","content":[{"type":"text","text":"item 1"}]}]},{"type":"taskItem","attrs":{"checked":false},"content":[{"type":"paragraph","content":[{"type":"text","text":"item 2"}]},{"type":"taskList","content":[{"type":"taskItem","attrs":{"checked":true},"content":[{"type":"paragraph","content":[{"type":"text","text":"item 3"}]},{"type":"taskList","content":[{"type":"taskItem","attrs":{"checked":false},"content":[{"type":"paragraph","content":[{"type":"text","text":"item 4"}]}]}]}]}]}]},{"type":"taskItem","attrs":{"checked":false},"content":[{"type":"paragraph","content":[{"type":"text","text":"item 5"}]}]}]},{"type":"codeBlock","attrs":{"language":"markdown"},"content":[{"type":"text","text":"1.  item 1\\n2.  item 2\\n    1.  item 3\\n        1.  item 4\\n3.  item 5\\n\\n*   item 1\\n*   item 2\\n    *   item 3\\n        *   item 4\\n*   item 5\\n\\n*   [ ] item 1\\n*   [ ] item 2\\n    *   [x] item 3\\n        *   [ ] item 4\\n*   [ ] item 5"}]},{"type":"paragraph","content":[{"type":"image","attrs":{"src":"https://ixk.me/bg.jpg","alt":"","title":""}},{"type":"audio","attrs":{"src":"https://lab.ixk.me/assets/media/Summer.mp3","title":""}}]},{"type":"paragraph","content":[{"type":"video","attrs":{"src":"https://lab.ixk.me/assets/media/movie.mp4","title":""}}]},{"type":"codeBlock","attrs":{"language":"markdown"},"content":[{"type":"text","text":"![](https://ixk.me/bg.jpg)\\n:audio{src=\\"https://lab.ixk.me/assets/media/Summer.mp3\\"}\\n:video{src=\\"https://lab.ixk.me/assets/media/movie.mp4\\"}"}]},{"type":"blockquote","content":[{"type":"paragraph","content":[{"type":"text","text":"blockquote"}]}]},{"type":"codeBlock","attrs":{"language":"javascript"},"content":[{"type":"text","text":"const this = \\"coeeBlock\\";"}]},{"type":"paragraph","content":[{"type":"mathInline","attrs":{"value":"E = mc^2"}}]},{"type":"mathBlock","content":[{"type":"text","text":"E = mc^2"}]},{"type":"horizontalRule"},{"type":"table","content":[{"type":"tableRow","content":[{"type":"tableHeader","attrs":{"colspan":1,"rowspan":1,"colwidth":null},"content":[{"type":"paragraph","content":[{"type":"text","text":"Header"}]}]},{"type":"tableHeader","attrs":{"colspan":1,"rowspan":1,"colwidth":null},"content":[{"type":"paragraph","content":[{"type":"text","text":"Header"}]}]},{"type":"tableHeader","attrs":{"colspan":1,"rowspan":1,"colwidth":null},"content":[{"type":"paragraph","content":[{"type":"text","text":"Header"}]}]}]},{"type":"tableRow","content":[{"type":"tableCell","attrs":{"colspan":1,"rowspan":1,"colwidth":null},"content":[{"type":"paragraph","content":[{"type":"text","text":"Content"}]}]},{"type":"tableCell","attrs":{"colspan":1,"rowspan":1,"colwidth":null},"content":[{"type":"paragraph","content":[{"type":"text","text":"Content"}]}]},{"type":"tableCell","attrs":{"colspan":1,"rowspan":1,"colwidth":null},"content":[{"type":"paragraph"}]}]},{"type":"tableRow","content":[{"type":"tableCell","attrs":{"colspan":1,"rowspan":1,"colwidth":null},"content":[{"type":"paragraph","content":[{"type":"text","text":"Content"}]}]},{"type":"tableCell","attrs":{"colspan":1,"rowspan":1,"colwidth":null},"content":[{"type":"paragraph"}]},{"type":"tableCell","attrs":{"colspan":1,"rowspan":1,"colwidth":null},"content":[{"type":"paragraph"}]}]}]},{"type":"details","attrs":{"open":"","summary":"summary"},"content":[{"type":"paragraph","content":[{"type":"text","text":"content"}]}]},{"type":"diagram","content":[{"type":"text","text":"graph TD;\\n    A --> B;"}]},{"type":"codeBlock","attrs":{"language":"markdown"},"content":[{"type":"text","text":"> blockquote\\n\\n```javascript\\nconst this = \\"coeeBlock\\";\\n```\\n\\n$E = mc^2$\\n\\n$$\\nE = mc^2\\n$$\\n\\n***\\n\\n| Header  | Header  | Header |\\n| ------- | ------- | ------ |\\n| Content | Content |        |\\n| Content |         |        |\\n\\n:::details{open=\\"true\\" summary=\\"summary\\"}\\ncontent\\n:::\\n\\n:::diagram\\ngraph TD;\\n    A --> B;\\n:::"}]},{"type":"embed","attrs":{"src":"https://ixk.me","title":"My Homepage"}},{"type":"embed","attrs":{"src":"https://gist.github.com/syfxlin/bef0c2f70beee99061f1612968a3e085","title":"Weekly development breakdown"}},{"type":"codeBlock","attrs":{"language":"markdown"},"content":[{"type":"text","text":":embed{src=\\"https://ixk.me\\" title=\\"My Homepage\\"}\\n:embed{src=\\"https://gist.github.com/syfxlin/bef0c2f70beee99061f1612968a3e085\\" title=\\"Weekly development breakdown\\"}\\n// default support airtable, codepen, codesandbox, draw.io, gist, google docs, office"}]}]}', '2021-11-26 01:10:32.522531', 'Hello, Hoshi-Note', 'NORMAL', '2021-11-29 12:23:35.614297', 26, null, '619fb1639d5f264f6f32d3cd', 'tada', true);
INSERT INTO note (id, attributes, content, created_time, name, status, updated_time, version, parent_id, workspace_id, icon, share) VALUES ('61a2168218c9b9c9f62dc15e', null, null, '2021-11-27 19:29:06.656520', '新页面', 'NORMAL', '2021-11-27 19:29:06.656520', 1, '619ca64766c9a921c6428cc9', '6196408307fab40ae1d69322', null, true);
INSERT INTO note (id, attributes, content, created_time, name, status, updated_time, version, parent_id, workspace_id, icon, share) VALUES ('61a2168718c9b9c9f62dc15f', null, null, '2021-11-27 19:29:11.308022', '新页面', 'NORMAL', '2021-11-27 19:29:11.308022', 1, '61a2168218c9b9c9f62dc15e', '6196408307fab40ae1d69322', null, true);
INSERT INTO note (id, attributes, content, created_time, name, status, updated_time, version, parent_id, workspace_id, icon, share) VALUES ('61a2168c18c9b9c9f62dc160', null, null, '2021-11-27 19:29:16.000820', '新页面', 'NORMAL', '2021-11-27 19:29:16.000820', 1, '619ca59666c967bc4ff2dbbb', '6196408307fab40ae1d69322', null, true);
INSERT INTO note (id, attributes, content, created_time, name, status, updated_time, version, parent_id, workspace_id, icon, share) VALUES ('61a216c718c9b9c9f62dc161', null, null, '2021-11-27 19:30:15.535940', '新页面', 'NORMAL', '2021-11-27 19:30:15.535940', 1, '61a2168218c9b9c9f62dc15e', '6196408307fab40ae1d69322', null, true);
INSERT INTO note (id, attributes, content, created_time, name, status, updated_time, version, parent_id, workspace_id, icon, share) VALUES ('61a216c818c9b9c9f62dc162', null, null, '2021-11-27 19:30:16.387881', '新页面', 'NORMAL', '2021-11-27 19:30:16.387881', 1, '61a2168718c9b9c9f62dc15f', '6196408307fab40ae1d69322', null, true);
INSERT INTO note (id, attributes, content, created_time, name, status, updated_time, version, parent_id, workspace_id, icon, share) VALUES ('61a21bf918c9aecc656ef963', '{"cover":null}', null, '2021-11-27 19:52:25.544974', '新页面11', 'DELETED', '2021-11-28 19:18:43.296979', 8, '619c9c4466c9af200ea643dd', '6196408307fab40ae1d69322', null, true);
INSERT INTO note (id, attributes, content, created_time, name, status, updated_time, version, parent_id, workspace_id, icon, share) VALUES ('61a21e5718c93f97ce3f4db5', null, null, '2021-11-27 20:02:31.164585', '新页面', 'DELETED', '2021-11-27 20:02:31.164585', 1, null, '6196408307fab40ae1d69322', null, false);
INSERT INTO note (id, attributes, content, created_time, name, status, updated_time, version, parent_id, workspace_id, icon, share) VALUES ('61a21e7918c93f97ce3f4db7', null, null, '2021-11-27 20:03:05.920580', '新页面', 'DELETED', '2021-11-27 20:03:05.920580', 1, '61a21e5718c93f97ce3f4db5', '6196408307fab40ae1d69322', null, false);
INSERT INTO note (id, attributes, content, created_time, name, status, updated_time, version, parent_id, workspace_id, icon, share) VALUES ('61a36a6918c996b4353e9687', null, null, '2021-11-28 19:39:21.982854', '新页面', 'NORMAL', '2021-11-28 19:41:41.574672', 2, '619ca52066c967bc4ff2dbba', '6196408307fab40ae1d69322', null, false);
INSERT INTO note (id, attributes, content, created_time, name, status, updated_time, version, parent_id, workspace_id, icon, share) VALUES ('61a3808f18c9697daf5da8a1', null, null, '2021-11-28 21:13:51.457430', '新页面', 'NORMAL', '2021-11-28 21:13:51.457430', 1, null, '6196408307fab40ae1d69322', null, false);
INSERT INTO note (id, attributes, content, created_time, name, status, updated_time, version, parent_id, workspace_id, icon, share) VALUES ('61a3809b18c9697daf5da8a2', null, null, '2021-11-28 21:14:03.656830', '新页面', 'NORMAL', '2021-11-28 21:14:03.656830', 1, null, '6196408307fab40ae1d69322', null, false);
INSERT INTO note (id, attributes, content, created_time, name, status, updated_time, version, parent_id, workspace_id, icon, share) VALUES ('61a380d518c9697daf5da8a3', null, null, '2021-11-28 21:15:01.792405', '新页面', 'NORMAL', '2021-11-28 21:15:01.792405', 1, null, '6196408307fab40ae1d69322', null, false);
INSERT INTO note (id, attributes, content, created_time, name, status, updated_time, version, parent_id, workspace_id, icon, share) VALUES ('61a382ea18c9697daf5da8a5', null, null, '2021-11-28 21:23:54.338733', '新页面', 'NORMAL', '2021-11-28 21:23:54.338733', 1, null, '6196408307fab40ae1d69322', null, false);
INSERT INTO note (id, attributes, content, created_time, name, status, updated_time, version, parent_id, workspace_id, icon, share) VALUES ('61a382f318c9697daf5da8a6', null, null, '2021-11-28 21:24:03.743222', '新页面', 'NORMAL', '2021-11-28 21:24:03.743222', 1, null, '6196408307fab40ae1d69322', null, false);
INSERT INTO note (id, attributes, content, created_time, name, status, updated_time, version, parent_id, workspace_id, icon, share) VALUES ('61a3830518c9697daf5da8a7', null, null, '2021-11-28 21:24:21.110279', '新页面', 'NORMAL', '2021-11-28 21:24:21.110279', 1, null, '6196408307fab40ae1d69322', null, false);
INSERT INTO note (id, attributes, content, created_time, name, status, updated_time, version, parent_id, workspace_id, icon, share) VALUES ('61a3830818c9697daf5da8a8', null, null, '2021-11-28 21:24:24.520126', '新页面', 'NORMAL', '2021-11-28 21:24:24.520126', 1, null, '6196408307fab40ae1d69322', null, false);
INSERT INTO note (id, attributes, content, created_time, name, status, updated_time, version, parent_id, workspace_id, icon, share) VALUES ('61a3830b18c9697daf5da8a9', null, null, '2021-11-28 21:24:27.333538', '新页面', 'NORMAL', '2021-11-28 21:24:27.333538', 1, null, '6196408307fab40ae1d69322', null, false);
INSERT INTO note (id, attributes, content, created_time, name, status, updated_time, version, parent_id, workspace_id, icon, share) VALUES ('61a3831118c9697daf5da8aa', null, null, '2021-11-28 21:24:33.501632', '新页面', 'NORMAL', '2021-11-28 21:24:33.501632', 1, null, '6196408307fab40ae1d69322', null, true);
INSERT INTO note (id, attributes, content, created_time, name, status, updated_time, version, parent_id, workspace_id, icon, share) VALUES ('61a3a62518c9feb51acb7e74', null, '{"type":"doc","content":[{"type":"paragraph"},{"type":"codeBlock","attrs":{"language":"javascript"},"content":[{"type":"text","text":"console.log(\\"代码块\\");"}]},{"type":"paragraph","content":[{"type":"mathInline","attrs":{"value":"E = mc^2"}}]},{"type":"blockquote","content":[{"type":"paragraph","content":[{"type":"text","text":"引用"}]}]},{"type":"paragraph","content":[{"type":"text","text":"dddddddd"}]},{"type":"paragraph","content":[{"type":"text","text":"dddddddd"}]},{"type":"table","content":[{"type":"tableRow","content":[{"type":"tableHeader","attrs":{"colspan":1,"rowspan":1,"colwidth":null},"content":[{"type":"paragraph","content":[{"type":"text","text":"123"}]}]},{"type":"tableHeader","attrs":{"colspan":1,"rowspan":1,"colwidth":null},"content":[{"type":"paragraph"}]},{"type":"tableHeader","attrs":{"colspan":1,"rowspan":1,"colwidth":null},"content":[{"type":"paragraph"}]},{"type":"tableCell","attrs":{"colspan":1,"rowspan":1,"colwidth":null},"content":[{"type":"paragraph"}]},{"type":"tableCell","attrs":{"colspan":1,"rowspan":1,"colwidth":null},"content":[{"type":"paragraph"}]},{"type":"tableCell","attrs":{"colspan":1,"rowspan":1,"colwidth":null},"content":[{"type":"paragraph"}]},{"type":"tableCell","attrs":{"colspan":1,"rowspan":1,"colwidth":null},"content":[{"type":"paragraph"}]}]},{"type":"tableRow","content":[{"type":"tableHeader","attrs":{"colspan":1,"rowspan":1,"colwidth":null},"content":[{"type":"paragraph","content":[{"type":"text","text":"dfdfd"}]}]},{"type":"tableHeader","attrs":{"colspan":1,"rowspan":1,"colwidth":null},"content":[{"type":"paragraph"}]},{"type":"tableHeader","attrs":{"colspan":1,"rowspan":1,"colwidth":null},"content":[{"type":"paragraph"}]},{"type":"tableCell","attrs":{"colspan":1,"rowspan":1,"colwidth":null},"content":[{"type":"paragraph"}]},{"type":"tableCell","attrs":{"colspan":1,"rowspan":1,"colwidth":null},"content":[{"type":"paragraph"}]},{"type":"tableCell","attrs":{"colspan":1,"rowspan":1,"colwidth":null},"content":[{"type":"paragraph"}]},{"type":"tableCell","attrs":{"colspan":1,"rowspan":1,"colwidth":null},"content":[{"type":"paragraph"}]}]}]},{"type":"details","attrs":{"open":true,"summary":"折叠内容"},"content":[{"type":"paragraph","content":[{"type":"text","text":"折叠"}]}]},{"type":"diagram","content":[{"type":"text","text":"graph TD;\\nA--->B;"}]}]}', '2021-11-28 23:54:13.187441', '新页面', 'NORMAL', '2021-11-29 12:32:18.589112', 14, '619fc3889d5f264f6f32d3d2', '619fb1639d5f264f6f32d3cd', null, true);
INSERT INTO note (id, attributes, content, created_time, name, status, updated_time, version, parent_id, workspace_id, icon, share) VALUES ('61a4565e18c9b880b9795201', null, null, '2021-11-29 12:26:06.808669', '新页面', 'ARCHIVE', '2021-11-29 12:26:06.809666', 1, null, '6198b5c924acf04488e0db51', null, false);
INSERT INTO note (id, attributes, content, created_time, name, status, updated_time, version, parent_id, workspace_id, icon, share) VALUES ('61a4b90018c963f6f9c9b3ad', null, null, '2021-11-29 19:26:56.305008', '新页面', 'NORMAL', '2021-11-29 19:26:56.305008', 1, '61a3831118c9697daf5da8aa', '6196408307fab40ae1d69322', null, true);

INSERT INTO note_history (id, content, save_time, version, note_id, attributes, icon, name) VALUES ('619f35ef9d5fa7d06596ee30', null, '2021-11-25 15:06:19.192424', 5, '619c9c4466c9af200ea643dd', null, '+1', '新页面');
INSERT INTO note_history (id, content, save_time, version, note_id, attributes, icon, name) VALUES ('619f35f89d5fa7d06596ee31', null, '2021-11-25 15:06:32.125457', 6, '619c9c4466c9af200ea643dd', null, 'joy', '新页面');
INSERT INTO note_history (id, content, save_time, version, note_id, attributes, icon, name) VALUES ('619f37dd9d5fa7d06596ee32', '{"type":"doc","content":[{"type":"paragraph","content":[{"type":"text","text":"dddddddddddddddddddddddddddddddddddd"}]}]}', '2021-11-25 15:14:22.855694', 10, '619c9c4466c9af200ea643dd', null, 'joy', '新页面');
INSERT INTO note_history (id, content, save_time, version, note_id, attributes, icon, name) VALUES ('619f39869d5fa7d06596ee33', '{"type":"doc","content":[{"type":"paragraph","content":[{"type":"text","text":"dddddddddddddddddddddddddddddddddddddddddddddddddddddddddddddddddd"}]}]}', '2021-11-25 15:21:31.136383', 13, '619c9c4466c9af200ea643dd', null, 'joy', '新页面');
INSERT INTO note_history (id, content, save_time, version, note_id, attributes, icon, name) VALUES ('619f39c59d5fa7d06596ee34', '{"type":"doc","content":[{"type":"paragraph","content":[{"type":"text","text":"dd"}]}]}', '2021-11-25 15:22:41.493762', 14, '619c9c4466c9af200ea643dd', null, 'joy', '新页面');
INSERT INTO note_history (id, content, save_time, version, note_id, attributes, icon, name) VALUES ('619fbdb69d5f264f6f32d3ce', null, '2021-11-26 00:45:42.463345', 3, '619ca52066c967bc4ff2dbba', null, 'grinning', '新页面');
INSERT INTO note_history (id, content, save_time, version, note_id, attributes, icon, name) VALUES ('619fbdec9d5f264f6f32d3cf', null, '2021-11-26 00:46:36.637396', 4, '619ca52066c967bc4ff2dbba', null, 'innocent', '新页面');
INSERT INTO note_history (id, content, save_time, version, note_id, attributes, icon, name) VALUES ('619fbe409d5f264f6f32d3d0', null, '2021-11-26 00:48:00.743968', 6, '619ca52066c967bc4ff2dbba', null, '+1', '新页面');
INSERT INTO note_history (id, content, save_time, version, note_id, attributes, icon, name) VALUES ('619fbeac9d5f264f6f32d3d1', null, '2021-11-26 00:49:48.695050', 7, '619ca52066c967bc4ff2dbba', null, 'joy', '新页面');
INSERT INTO note_history (id, content, save_time, version, note_id, attributes, icon, name) VALUES ('61a1efa602d9621a1d6d624a', '{"type":"doc","content":[{"type":"paragraph","content":[{"type":"text","text":"dd"}]}]}', '2021-11-27 16:43:17.975455', 19, '619c9c4466c9af200ea643dd', '{"cover":"http://localhost:7000/hoshi-file/files/1/829e9d06-46fa-4e6d-aa62-e6093d52687a.png"}', 'grinning', '新页面');
INSERT INTO note_history (id, content, save_time, version, note_id, attributes, icon, name) VALUES ('61a1efa902d9621a1d6d624b', '{"type":"doc","content":[{"type":"paragraph","content":[{"type":"text","text":"dd"}]}]}', '2021-11-27 16:43:21.061935', 20, '619c9c4466c9af200ea643dd', '{"cover":"http://localhost:7000/hoshi-file/files/1/fd91ea37-7ada-47fd-bd4f-1a152803519b.jpg"}', 'grinning', '新页面');
INSERT INTO note_history (id, content, save_time, version, note_id, attributes, icon, name) VALUES ('61a1f67d02d9621a1d6d624c', '{"type":"doc","content":[{"type":"paragraph","content":[{"type":"text","text":"dd"}]},{"type":"paragraph"}]}', '2021-11-27 17:12:29.845529', 25, '619c9c4466c9af200ea643dd', '{"cover":"https://images.pexels.com/photos/10293189/pexels-photo-10293189.jpeg"}', 'grinning', '新页面');
INSERT INTO note_history (id, content, save_time, version, note_id, attributes, icon, name) VALUES ('61a1f6a502d9621a1d6d624d', '{"type":"doc","content":[{"type":"paragraph","content":[{"type":"text","text":"dd"}]},{"type":"paragraph","content":[{"type":"mathInline","attrs":{"value":"E = mc^2"}}]}]}', '2021-11-27 17:13:09.875338', 26, '619c9c4466c9af200ea643dd', '{"cover":"https://images.pexels.com/photos/10293189/pexels-photo-10293189.jpeg"}', 'grinning', '新页面');
INSERT INTO note_history (id, content, save_time, version, note_id, attributes, icon, name) VALUES ('61a1f74a02d9621a1d6d624e', '{"type":"doc","content":[{"type":"paragraph","content":[{"type":"text","text":"dd"}]},{"type":"paragraph","content":[{"type":"mathInline","attrs":{"value":"E = mc^2"}}]},{"type":"mathBlock","content":[{"type":"text","text":"E=mc^2"}]}]}', '2021-11-27 17:15:54.642658', 29, '619c9c4466c9af200ea643dd', '{"cover":"https://images.pexels.com/photos/10293189/pexels-photo-10293189.jpeg"}', 'grinning', '新页面');
INSERT INTO note_history (id, content, save_time, version, note_id, attributes, icon, name) VALUES ('61a230df18c99e0c17ea4e04', null, '2021-11-27 21:21:35.067150', 3, '61a21bf918c9aecc656ef963', '{"cover":null}', null, '新页面');
INSERT INTO note_history (id, content, save_time, version, note_id, attributes, icon, name) VALUES ('61a3a59a18c9feb51acb7e70', null, '2021-11-28 23:51:53.974196', 3, '619fc3889d5f264f6f32d3d2', '{"cover":"https://images.pexels.com/photos/1142950/pexels-photo-1142950.jpeg"}', null, '新页面');
INSERT INTO note_history (id, content, save_time, version, note_id, attributes, icon, name) VALUES ('61a3a5b818c9feb51acb7e71', null, '2021-11-28 23:52:24.230511', 4, '619fc3889d5f264f6f32d3d2', '{"cover":"https://images.pexels.com/photos/10278313/pexels-photo-10278313.jpeg"}', null, '新页面');
INSERT INTO note_history (id, content, save_time, version, note_id, attributes, icon, name) VALUES ('61a3a5c118c9feb51acb7e72', null, '2021-11-28 23:52:33.767267', 5, '619fc3889d5f264f6f32d3d2', '{"cover":"https://images.pexels.com/photos/10278313/pexels-photo-10278313.jpeg"}', 'tada', '新页面');
INSERT INTO note_history (id, content, save_time, version, note_id, attributes, icon, name) VALUES ('61a3a5ec18c9feb51acb7e73', null, '2021-11-28 23:53:16.164035', 6, '619fc3889d5f264f6f32d3d2', '{"cover":"https://images.pexels.com/photos/10278313/pexels-photo-10278313.jpeg"}', 'tada', 'Hello, Hoshi-Note');
INSERT INTO note_history (id, content, save_time, version, note_id, attributes, icon, name) VALUES ('61a3a64f18c9feb51acb7e75', '{"type":"doc","content":[{"type":"heading","attrs":{"level":1},"content":[{"type":"text","text":"Tiptap StarterKit"}]},{"type":"blockquote","content":[{"type":"paragraph","content":[{"type":"text","marks":[{"type":"link","attrs":{"href":"https://tiptap.dev/","target":"_blank"}}],"text":"Tiptap"},{"type":"text","text":" 编辑器的非官方套件，包含了常见的扩展集合，以及斜杠菜单，浮动菜单，Markdown 解析、序列化等功能。"}]}]},{"type":"heading","attrs":{"level":2},"content":[{"type":"text","text":"安装 Installation"}]},{"type":"paragraph","content":[{"type":"text","text":"见 Github 仓库里的 README.md"}]},{"type":"heading","attrs":{"level":2},"content":[{"type":"text","text":"包含的扩展 Included extensions"}]},{"type":"heading","attrs":{"level":3},"content":[{"type":"text","text":"Extensions"}]},{"type":"bulletList","content":[{"type":"listItem","content":[{"type":"paragraph","content":[{"type":"text","text":"BlockMenu*：块菜单，也称为斜杠菜单，通过 ''/'' 字符开启菜单，用于添加 nodes。"}]}]},{"type":"listItem","content":[{"type":"paragraph","content":[{"type":"text","text":"FloatMenu*：浮动菜单，选中文本开启菜单，用于将 marks 应用到文本。"}]}]},{"type":"listItem","content":[{"type":"paragraph","content":[{"type":"text","text":"Clipboard*：剪贴板扩展，用于解析粘贴的 Markdown 内容，同时在复制时将内容序列化为 Markdown。"}]}]},{"type":"listItem","content":[{"type":"paragraph","content":[{"type":"text","text":"Markdown*：Markdown 扩展，提供 Markdown 解析器和序列化器，使用 "},{"type":"text","marks":[{"type":"link","attrs":{"href":"https://github.com/remarkjs/remark","target":"_blank"}}],"text":"remark"},{"type":"text","text":" 处理 Markdown 语法。"}]}]},{"type":"listItem","content":[{"type":"paragraph","content":[{"type":"text","text":"DropCursor"}]}]},{"type":"listItem","content":[{"type":"paragraph","content":[{"type":"text","text":"GapCursor"}]}]},{"type":"listItem","content":[{"type":"paragraph","content":[{"type":"text","text":"History"}]}]}]},{"type":"heading","attrs":{"level":3},"content":[{"type":"text","text":"Nodes"}]},{"type":"bulletList","content":[{"type":"listItem","content":[{"type":"paragraph","content":[{"type":"text","text":"Emoji*：表情扩展，将 Gemoji 解析为对应 Unicode 字符，同时提供了搜索、选择表情的功能，使用 ''::'' 打开。"}]}]},{"type":"listItem","content":[{"type":"paragraph","content":[{"type":"text","text":"MathInline*：行内公式，提供渲染 "},{"type":"text","marks":[{"type":"link","attrs":{"href":"https://katex.org/","target":"_blank"}}],"text":"Katex"},{"type":"text","text":" 公式的功能。"}]}]},{"type":"listItem","content":[{"type":"paragraph","content":[{"type":"text","text":"MathBlock*：公式块，提供渲染 "},{"type":"text","marks":[{"type":"link","attrs":{"href":"https://katex.org/","target":"_blank"}}],"text":"Katex"},{"type":"text","text":" 公式的功能。"}]}]},{"type":"listItem","content":[{"type":"paragraph","content":[{"type":"text","text":"Diagram*：图表块，提供渲染 "},{"type":"text","marks":[{"type":"link","attrs":{"href":"https://mermaid-js.github.io/mermaid/#/","target":"_blank"}}],"text":"Mermaid"},{"type":"text","text":" 图标的功能。"}]}]},{"type":"listItem","content":[{"type":"paragraph","content":[{"type":"text","text":"Audio*：音频块。"}]}]},{"type":"listItem","content":[{"type":"paragraph","content":[{"type":"text","text":"Video*：视频块。"}]}]},{"type":"listItem","content":[{"type":"paragraph","content":[{"type":"text","text":"Details*：折叠内容块。"}]}]},{"type":"listItem","content":[{"type":"paragraph","content":[{"type":"text","text":"Embed*：嵌入块，提供嵌入网页的功能。"}]}]},{"type":"listItem","content":[{"type":"paragraph","content":[{"type":"text","text":"Document"}]}]},{"type":"listItem","content":[{"type":"paragraph","content":[{"type":"text","text":"Paragraph"}]}]},{"type":"listItem","content":[{"type":"paragraph","content":[{"type":"text","text":"Text"}]}]},{"type":"listItem","content":[{"type":"paragraph","content":[{"type":"text","text":"Blockquote"}]}]},{"type":"listItem","content":[{"type":"paragraph","content":[{"type":"text","text":"BulletList"}]}]},{"type":"listItem","content":[{"type":"paragraph","content":[{"type":"text","text":"ListItem"}]}]},{"type":"listItem","content":[{"type":"paragraph","content":[{"type":"text","text":"CodeBlock：添加选择语言的功能"}]}]},{"type":"listItem","content":[{"type":"paragraph","content":[{"type":"text","text":"HardBreak"}]}]},{"type":"listItem","content":[{"type":"paragraph","content":[{"type":"text","text":"Heading"}]}]},{"type":"listItem","content":[{"type":"paragraph","content":[{"type":"text","text":"HorizontalRule"}]}]},{"type":"listItem","content":[{"type":"paragraph","content":[{"type":"text","text":"Image：添加了浮动的修改框"}]}]},{"type":"listItem","content":[{"type":"paragraph","content":[{"type":"text","text":"OrderedList"}]}]},{"type":"listItem","content":[{"type":"paragraph","content":[{"type":"text","text":"Table：添加了浮动的操作菜单"}]}]},{"type":"listItem","content":[{"type":"paragraph","content":[{"type":"text","text":"TableCell"}]}]},{"type":"listItem","content":[{"type":"paragraph","content":[{"type":"text","text":"TableHeader"}]}]},{"type":"listItem","content":[{"type":"paragraph","content":[{"type":"text","text":"TableRow"}]}]},{"type":"listItem","content":[{"type":"paragraph","content":[{"type":"text","text":"TaskList"}]}]},{"type":"listItem","content":[{"type":"paragraph","content":[{"type":"text","text":"TaskItem"}]}]}]},{"type":"heading","attrs":{"level":3},"content":[{"type":"text","text":"Marks"}]},{"type":"bulletList","content":[{"type":"listItem","content":[{"type":"paragraph","content":[{"type":"text","text":"Bold"}]}]},{"type":"listItem","content":[{"type":"paragraph","content":[{"type":"text","text":"Code"}]}]},{"type":"listItem","content":[{"type":"paragraph","content":[{"type":"text","text":"Highlight"}]}]},{"type":"listItem","content":[{"type":"paragraph","content":[{"type":"text","text":"Italic"}]}]},{"type":"listItem","content":[{"type":"paragraph","content":[{"type":"text","text":"Link：添加了浮动的修改框"}]}]},{"type":"listItem","content":[{"type":"paragraph","content":[{"type":"text","text":"Strike"}]}]}]},{"type":"heading","attrs":{"level":1},"content":[{"type":"text","text":"Heading 1"}]},{"type":"heading","attrs":{"level":2},"content":[{"type":"text","text":"Heading 2"}]},{"type":"heading","attrs":{"level":3},"content":[{"type":"text","text":"Heading 3"}]},{"type":"heading","attrs":{"level":4},"content":[{"type":"text","text":"Heading 4"}]},{"type":"heading","attrs":{"level":5},"content":[{"type":"text","text":"Heading 5"}]},{"type":"heading","attrs":{"level":6},"content":[{"type":"text","text":"Heading 6"}]},{"type":"codeBlock","attrs":{"language":"markdown"},"content":[{"type":"text","text":"# heading 1\\n## heading 2\\n### heading 3\\n#### heading 4\\n##### heading 5\\n###### heading 6"}]},{"type":"paragraph","content":[{"type":"text","marks":[{"type":"bold"}],"text":"bold"},{"type":"text","text":" "},{"type":"text","marks":[{"type":"code"}],"text":"code"},{"type":"text","text":" "},{"type":"text","marks":[{"type":"italic"}],"text":"italic"},{"type":"text","text":" "},{"type":"text","marks":[{"type":"link","attrs":{"href":"https://github.com/syfxlin/tiptap-starter-kit","target":"_blank"}}],"text":"link"},{"type":"text","text":" "},{"type":"text","marks":[{"type":"strike"}],"text":"strike"},{"type":"text","text":" "},{"type":"text","marks":[{"type":"highlight"}],"text":"highlight"}]},{"type":"codeBlock","attrs":{"language":"markdown"},"content":[{"type":"text","text":"**bold** `code` *italic* [link](https://github.com/syfxlin/tiptap-starter-kit)"}]},{"type":"orderedList","attrs":{"start":1},"content":[{"type":"listItem","content":[{"type":"paragraph","content":[{"type":"text","text":"item 1"}]}]},{"type":"listItem","content":[{"type":"paragraph","content":[{"type":"text","text":"item 2"}]},{"type":"orderedList","attrs":{"start":1},"content":[{"type":"listItem","content":[{"type":"paragraph","content":[{"type":"text","text":"item 3"}]},{"type":"orderedList","attrs":{"start":1},"content":[{"type":"listItem","content":[{"type":"paragraph","content":[{"type":"text","text":"item 4"}]}]}]}]}]}]},{"type":"listItem","content":[{"type":"paragraph","content":[{"type":"text","text":"item 5"}]}]}]},{"type":"bulletList","content":[{"type":"listItem","content":[{"type":"paragraph","content":[{"type":"text","text":"item 1"}]}]},{"type":"listItem","content":[{"type":"paragraph","content":[{"type":"text","text":"item 2"}]},{"type":"bulletList","content":[{"type":"listItem","content":[{"type":"paragraph","content":[{"type":"text","text":"item 3"}]},{"type":"bulletList","content":[{"type":"listItem","content":[{"type":"paragraph","content":[{"type":"text","text":"item 4"}]}]}]}]}]}]},{"type":"listItem","content":[{"type":"paragraph","content":[{"type":"text","text":"item 5"}]}]}]},{"type":"taskList","content":[{"type":"taskItem","attrs":{"checked":false},"content":[{"type":"paragraph","content":[{"type":"text","text":"item 1"}]}]},{"type":"taskItem","attrs":{"checked":false},"content":[{"type":"paragraph","content":[{"type":"text","text":"item 2"}]},{"type":"taskList","content":[{"type":"taskItem","attrs":{"checked":true},"content":[{"type":"paragraph","content":[{"type":"text","text":"item 3"}]},{"type":"taskList","content":[{"type":"taskItem","attrs":{"checked":false},"content":[{"type":"paragraph","content":[{"type":"text","text":"item 4"}]}]}]}]}]}]},{"type":"taskItem","attrs":{"checked":false},"content":[{"type":"paragraph","content":[{"type":"text","text":"item 5"}]}]}]},{"type":"codeBlock","attrs":{"language":"markdown"},"content":[{"type":"text","text":"1.  item 1\\n2.  item 2\\n    1.  item 3\\n        1.  item 4\\n3.  item 5\\n\\n*   item 1\\n*   item 2\\n    *   item 3\\n        *   item 4\\n*   item 5\\n\\n*   [ ] item 1\\n*   [ ] item 2\\n    *   [x] item 3\\n        *   [ ] item 4\\n*   [ ] item 5"}]},{"type":"paragraph","content":[{"type":"image","attrs":{"src":"https://ixk.me/bg.jpg","alt":"","title":""}},{"type":"audio","attrs":{"src":"https://lab.ixk.me/assets/media/Summer.mp3","title":""}}]},{"type":"paragraph","content":[{"type":"video","attrs":{"src":"https://lab.ixk.me/assets/media/movie.mp4","title":""}}]},{"type":"codeBlock","attrs":{"language":"markdown"},"content":[{"type":"text","text":"![](https://ixk.me/bg.jpg)\\n:audio{src=\\"https://lab.ixk.me/assets/media/Summer.mp3\\"}\\n:video{src=\\"https://lab.ixk.me/assets/media/movie.mp4\\"}"}]},{"type":"blockquote","content":[{"type":"paragraph","content":[{"type":"text","text":"blockquote"}]}]},{"type":"codeBlock","attrs":{"language":"javascript"},"content":[{"type":"text","text":"const this = \\"coeeBlock\\";"}]},{"type":"paragraph","content":[{"type":"mathInline","attrs":{"value":"E = mc^2"}}]},{"type":"mathBlock","content":[{"type":"text","text":"E = mc^2"}]},{"type":"horizontalRule"},{"type":"table","content":[{"type":"tableRow","content":[{"type":"tableHeader","attrs":{"colspan":1,"rowspan":1,"colwidth":null},"content":[{"type":"paragraph","content":[{"type":"text","text":"Header"}]}]},{"type":"tableHeader","attrs":{"colspan":1,"rowspan":1,"colwidth":null},"content":[{"type":"paragraph","content":[{"type":"text","text":"Header"}]}]},{"type":"tableHeader","attrs":{"colspan":1,"rowspan":1,"colwidth":null},"content":[{"type":"paragraph","content":[{"type":"text","text":"Header"}]}]}]},{"type":"tableRow","content":[{"type":"tableCell","attrs":{"colspan":1,"rowspan":1,"colwidth":null},"content":[{"type":"paragraph","content":[{"type":"text","text":"Content"}]}]},{"type":"tableCell","attrs":{"colspan":1,"rowspan":1,"colwidth":null},"content":[{"type":"paragraph","content":[{"type":"text","text":"Content"}]}]},{"type":"tableCell","attrs":{"colspan":1,"rowspan":1,"colwidth":null},"content":[{"type":"paragraph"}]}]},{"type":"tableRow","content":[{"type":"tableCell","attrs":{"colspan":1,"rowspan":1,"colwidth":null},"content":[{"type":"paragraph","content":[{"type":"text","text":"Content"}]}]},{"type":"tableCell","attrs":{"colspan":1,"rowspan":1,"colwidth":null},"content":[{"type":"paragraph"}]},{"type":"tableCell","attrs":{"colspan":1,"rowspan":1,"colwidth":null},"content":[{"type":"paragraph"}]}]}]},{"type":"details","attrs":{"open":"","summary":"summary"},"content":[{"type":"paragraph","content":[{"type":"text","text":"content"}]}]},{"type":"diagram","content":[{"type":"text","text":"graph TD;\\n    A --> B;"}]},{"type":"codeBlock","attrs":{"language":"markdown"},"content":[{"type":"text","text":"> blockquote\\n\\n```javascript\\nconst this = \\"coeeBlock\\";\\n```\\n\\n$E = mc^2$\\n\\n$$\\nE = mc^2\\n$$\\n\\n***\\n\\n| Header  | Header  | Header |\\n| ------- | ------- | ------ |\\n| Content | Content |        |\\n| Content |         |        |\\n\\n:::details{open=\\"true\\" summary=\\"summary\\"}\\ncontent\\n:::\\n\\n:::diagram\\ngraph TD;\\n    A --> B;\\n:::"}]},{"type":"embed","attrs":{"src":"https://ixk.me","title":"My Homepage"}},{"type":"embed","attrs":{"src":"https://gist.github.com/syfxlin/bef0c2f70beee99061f1612968a3e085","title":"Weekly development breakdown"}},{"type":"codeBlock","attrs":{"language":"markdown"},"content":[{"type":"text","text":":embed{src=\\"https://ixk.me\\" title=\\"My Homepage\\"}\\n:embed{src=\\"https://gist.github.com/syfxlin/bef0c2f70beee99061f1612968a3e085\\" title=\\"Weekly development breakdown\\"}\\n// default support airtable, codepen, codesandbox, draw.io, gist, google docs, office"}]}]}', '2021-11-28 23:54:55.813551', 7, '619fc3889d5f264f6f32d3d2', '{"cover":"https://images.pexels.com/photos/10278313/pexels-photo-10278313.jpeg"}', 'tada', 'Hello, Hoshi-Note');
INSERT INTO note_history (id, content, save_time, version, note_id, attributes, icon, name) VALUES ('61a3a76e18c9feb51acb7e76', '{"type":"doc","content":[{"type":"blockquote","content":[{"type":"paragraph","content":[{"type":"text","text":"Hoshi-Note 采用富文本编辑器"}]}]},{"type":"heading","attrs":{"level":2},"content":[{"type":"text","text":"安装 Installation"}]},{"type":"paragraph","content":[{"type":"text","text":"见 Github 仓库里的 README.md"}]},{"type":"heading","attrs":{"level":2},"content":[{"type":"text","text":"包含的扩展 Included extensions"}]},{"type":"heading","attrs":{"level":3},"content":[{"type":"text","text":"Extensions"}]},{"type":"bulletList","content":[{"type":"listItem","content":[{"type":"paragraph","content":[{"type":"text","text":"BlockMenu*：块菜单，也称为斜杠菜单，通过 ''/'' 字符开启菜单，用于添加 nodes。"}]}]},{"type":"listItem","content":[{"type":"paragraph","content":[{"type":"text","text":"FloatMenu*：浮动菜单，选中文本开启菜单，用于将 marks 应用到文本。"}]}]},{"type":"listItem","content":[{"type":"paragraph","content":[{"type":"text","text":"Clipboard*：剪贴板扩展，用于解析粘贴的 Markdown 内容，同时在复制时将内容序列化为 Markdown。"}]}]},{"type":"listItem","content":[{"type":"paragraph","content":[{"type":"text","text":"Markdown*：Markdown 扩展，提供 Markdown 解析器和序列化器，使用 "},{"type":"text","marks":[{"type":"link","attrs":{"href":"https://github.com/remarkjs/remark","target":"_blank"}}],"text":"remark"},{"type":"text","text":" 处理 Markdown 语法。"}]}]},{"type":"listItem","content":[{"type":"paragraph","content":[{"type":"text","text":"DropCursor"}]}]},{"type":"listItem","content":[{"type":"paragraph","content":[{"type":"text","text":"GapCursor"}]}]},{"type":"listItem","content":[{"type":"paragraph","content":[{"type":"text","text":"History"}]}]}]},{"type":"heading","attrs":{"level":3},"content":[{"type":"text","text":"Nodes"}]},{"type":"bulletList","content":[{"type":"listItem","content":[{"type":"paragraph","content":[{"type":"text","text":"Emoji*：表情扩展，将 Gemoji 解析为对应 Unicode 字符，同时提供了搜索、选择表情的功能，使用 ''::'' 打开。"}]}]},{"type":"listItem","content":[{"type":"paragraph","content":[{"type":"text","text":"MathInline*：行内公式，提供渲染 "},{"type":"text","marks":[{"type":"link","attrs":{"href":"https://katex.org/","target":"_blank"}}],"text":"Katex"},{"type":"text","text":" 公式的功能。"}]}]},{"type":"listItem","content":[{"type":"paragraph","content":[{"type":"text","text":"MathBlock*：公式块，提供渲染 "},{"type":"text","marks":[{"type":"link","attrs":{"href":"https://katex.org/","target":"_blank"}}],"text":"Katex"},{"type":"text","text":" 公式的功能。"}]}]},{"type":"listItem","content":[{"type":"paragraph","content":[{"type":"text","text":"Diagram*：图表块，提供渲染 "},{"type":"text","marks":[{"type":"link","attrs":{"href":"https://mermaid-js.github.io/mermaid/#/","target":"_blank"}}],"text":"Mermaid"},{"type":"text","text":" 图标的功能。"}]}]},{"type":"listItem","content":[{"type":"paragraph","content":[{"type":"text","text":"Audio*：音频块。"}]}]},{"type":"listItem","content":[{"type":"paragraph","content":[{"type":"text","text":"Video*：视频块。"}]}]},{"type":"listItem","content":[{"type":"paragraph","content":[{"type":"text","text":"Details*：折叠内容块。"}]}]},{"type":"listItem","content":[{"type":"paragraph","content":[{"type":"text","text":"Embed*：嵌入块，提供嵌入网页的功能。"}]}]},{"type":"listItem","content":[{"type":"paragraph","content":[{"type":"text","text":"Document"}]}]},{"type":"listItem","content":[{"type":"paragraph","content":[{"type":"text","text":"Paragraph"}]}]},{"type":"listItem","content":[{"type":"paragraph","content":[{"type":"text","text":"Text"}]}]},{"type":"listItem","content":[{"type":"paragraph","content":[{"type":"text","text":"Blockquote"}]}]},{"type":"listItem","content":[{"type":"paragraph","content":[{"type":"text","text":"BulletList"}]}]},{"type":"listItem","content":[{"type":"paragraph","content":[{"type":"text","text":"ListItem"}]}]},{"type":"listItem","content":[{"type":"paragraph","content":[{"type":"text","text":"CodeBlock：添加选择语言的功能"}]}]},{"type":"listItem","content":[{"type":"paragraph","content":[{"type":"text","text":"HardBreak"}]}]},{"type":"listItem","content":[{"type":"paragraph","content":[{"type":"text","text":"Heading"}]}]},{"type":"listItem","content":[{"type":"paragraph","content":[{"type":"text","text":"HorizontalRule"}]}]},{"type":"listItem","content":[{"type":"paragraph","content":[{"type":"text","text":"Image：添加了浮动的修改框"}]}]},{"type":"listItem","content":[{"type":"paragraph","content":[{"type":"text","text":"OrderedList"}]}]},{"type":"listItem","content":[{"type":"paragraph","content":[{"type":"text","text":"Table：添加了浮动的操作菜单"}]}]},{"type":"listItem","content":[{"type":"paragraph","content":[{"type":"text","text":"TableCell"}]}]},{"type":"listItem","content":[{"type":"paragraph","content":[{"type":"text","text":"TableHeader"}]}]},{"type":"listItem","content":[{"type":"paragraph","content":[{"type":"text","text":"TableRow"}]}]},{"type":"listItem","content":[{"type":"paragraph","content":[{"type":"text","text":"TaskList"}]}]},{"type":"listItem","content":[{"type":"paragraph","content":[{"type":"text","text":"TaskItem"}]}]}]},{"type":"heading","attrs":{"level":3},"content":[{"type":"text","text":"Marks"}]},{"type":"bulletList","content":[{"type":"listItem","content":[{"type":"paragraph","content":[{"type":"text","text":"Bold"}]}]},{"type":"listItem","content":[{"type":"paragraph","content":[{"type":"text","text":"Code"}]}]},{"type":"listItem","content":[{"type":"paragraph","content":[{"type":"text","text":"Highlight"}]}]},{"type":"listItem","content":[{"type":"paragraph","content":[{"type":"text","text":"Italic"}]}]},{"type":"listItem","content":[{"type":"paragraph","content":[{"type":"text","text":"Link：添加了浮动的修改框"}]}]},{"type":"listItem","content":[{"type":"paragraph","content":[{"type":"text","text":"Strike"}]}]}]},{"type":"heading","attrs":{"level":1},"content":[{"type":"text","text":"Heading 1"}]},{"type":"heading","attrs":{"level":2},"content":[{"type":"text","text":"Heading 2"}]},{"type":"heading","attrs":{"level":3},"content":[{"type":"text","text":"Heading 3"}]},{"type":"heading","attrs":{"level":4},"content":[{"type":"text","text":"Heading 4"}]},{"type":"heading","attrs":{"level":5},"content":[{"type":"text","text":"Heading 5"}]},{"type":"heading","attrs":{"level":6},"content":[{"type":"text","text":"Heading 6"}]},{"type":"codeBlock","attrs":{"language":"markdown"},"content":[{"type":"text","text":"# heading 1\\n## heading 2\\n### heading 3\\n#### heading 4\\n##### heading 5\\n###### heading 6"}]},{"type":"paragraph","content":[{"type":"text","marks":[{"type":"bold"}],"text":"bold"},{"type":"text","text":" "},{"type":"text","marks":[{"type":"code"}],"text":"code"},{"type":"text","text":" "},{"type":"text","marks":[{"type":"italic"}],"text":"italic"},{"type":"text","text":" "},{"type":"text","marks":[{"type":"link","attrs":{"href":"https://github.com/syfxlin/tiptap-starter-kit","target":"_blank"}}],"text":"link"},{"type":"text","text":" "},{"type":"text","marks":[{"type":"strike"}],"text":"strike"},{"type":"text","text":" "},{"type":"text","marks":[{"type":"highlight"}],"text":"highlight"}]},{"type":"codeBlock","attrs":{"language":"markdown"},"content":[{"type":"text","text":"**bold** `code` *italic* [link](https://github.com/syfxlin/tiptap-starter-kit)"}]},{"type":"orderedList","attrs":{"start":1},"content":[{"type":"listItem","content":[{"type":"paragraph","content":[{"type":"text","text":"item 1"}]}]},{"type":"listItem","content":[{"type":"paragraph","content":[{"type":"text","text":"item 2"}]},{"type":"orderedList","attrs":{"start":1},"content":[{"type":"listItem","content":[{"type":"paragraph","content":[{"type":"text","text":"item 3"}]},{"type":"orderedList","attrs":{"start":1},"content":[{"type":"listItem","content":[{"type":"paragraph","content":[{"type":"text","text":"item 4"}]}]}]}]}]}]},{"type":"listItem","content":[{"type":"paragraph","content":[{"type":"text","text":"item 5"}]}]}]},{"type":"bulletList","content":[{"type":"listItem","content":[{"type":"paragraph","content":[{"type":"text","text":"item 1"}]}]},{"type":"listItem","content":[{"type":"paragraph","content":[{"type":"text","text":"item 2"}]},{"type":"bulletList","content":[{"type":"listItem","content":[{"type":"paragraph","content":[{"type":"text","text":"item 3"}]},{"type":"bulletList","content":[{"type":"listItem","content":[{"type":"paragraph","content":[{"type":"text","text":"item 4"}]}]}]}]}]}]},{"type":"listItem","content":[{"type":"paragraph","content":[{"type":"text","text":"item 5"}]}]}]},{"type":"taskList","content":[{"type":"taskItem","attrs":{"checked":false},"content":[{"type":"paragraph","content":[{"type":"text","text":"item 1"}]}]},{"type":"taskItem","attrs":{"checked":false},"content":[{"type":"paragraph","content":[{"type":"text","text":"item 2"}]},{"type":"taskList","content":[{"type":"taskItem","attrs":{"checked":true},"content":[{"type":"paragraph","content":[{"type":"text","text":"item 3"}]},{"type":"taskList","content":[{"type":"taskItem","attrs":{"checked":false},"content":[{"type":"paragraph","content":[{"type":"text","text":"item 4"}]}]}]}]}]}]},{"type":"taskItem","attrs":{"checked":false},"content":[{"type":"paragraph","content":[{"type":"text","text":"item 5"}]}]}]},{"type":"codeBlock","attrs":{"language":"markdown"},"content":[{"type":"text","text":"1.  item 1\\n2.  item 2\\n    1.  item 3\\n        1.  item 4\\n3.  item 5\\n\\n*   item 1\\n*   item 2\\n    *   item 3\\n        *   item 4\\n*   item 5\\n\\n*   [ ] item 1\\n*   [ ] item 2\\n    *   [x] item 3\\n        *   [ ] item 4\\n*   [ ] item 5"}]},{"type":"paragraph","content":[{"type":"image","attrs":{"src":"https://ixk.me/bg.jpg","alt":"","title":""}},{"type":"audio","attrs":{"src":"https://lab.ixk.me/assets/media/Summer.mp3","title":""}}]},{"type":"paragraph","content":[{"type":"video","attrs":{"src":"https://lab.ixk.me/assets/media/movie.mp4","title":""}}]},{"type":"codeBlock","attrs":{"language":"markdown"},"content":[{"type":"text","text":"![](https://ixk.me/bg.jpg)\\n:audio{src=\\"https://lab.ixk.me/assets/media/Summer.mp3\\"}\\n:video{src=\\"https://lab.ixk.me/assets/media/movie.mp4\\"}"}]},{"type":"blockquote","content":[{"type":"paragraph","content":[{"type":"text","text":"blockquote"}]}]},{"type":"codeBlock","attrs":{"language":"javascript"},"content":[{"type":"text","text":"const this = \\"coeeBlock\\";"}]},{"type":"paragraph","content":[{"type":"mathInline","attrs":{"value":"E = mc^2"}}]},{"type":"mathBlock","content":[{"type":"text","text":"E = mc^2"}]},{"type":"horizontalRule"},{"type":"table","content":[{"type":"tableRow","content":[{"type":"tableHeader","attrs":{"colspan":1,"rowspan":1,"colwidth":null},"content":[{"type":"paragraph","content":[{"type":"text","text":"Header"}]}]},{"type":"tableHeader","attrs":{"colspan":1,"rowspan":1,"colwidth":null},"content":[{"type":"paragraph","content":[{"type":"text","text":"Header"}]}]},{"type":"tableHeader","attrs":{"colspan":1,"rowspan":1,"colwidth":null},"content":[{"type":"paragraph","content":[{"type":"text","text":"Header"}]}]}]},{"type":"tableRow","content":[{"type":"tableCell","attrs":{"colspan":1,"rowspan":1,"colwidth":null},"content":[{"type":"paragraph","content":[{"type":"text","text":"Content"}]}]},{"type":"tableCell","attrs":{"colspan":1,"rowspan":1,"colwidth":null},"content":[{"type":"paragraph","content":[{"type":"text","text":"Content"}]}]},{"type":"tableCell","attrs":{"colspan":1,"rowspan":1,"colwidth":null},"content":[{"type":"paragraph"}]}]},{"type":"tableRow","content":[{"type":"tableCell","attrs":{"colspan":1,"rowspan":1,"colwidth":null},"content":[{"type":"paragraph","content":[{"type":"text","text":"Content"}]}]},{"type":"tableCell","attrs":{"colspan":1,"rowspan":1,"colwidth":null},"content":[{"type":"paragraph"}]},{"type":"tableCell","attrs":{"colspan":1,"rowspan":1,"colwidth":null},"content":[{"type":"paragraph"}]}]}]},{"type":"details","attrs":{"open":"","summary":"summary"},"content":[{"type":"paragraph","content":[{"type":"text","text":"content"}]}]},{"type":"diagram","content":[{"type":"text","text":"graph TD;\\n    A --> B;"}]},{"type":"codeBlock","attrs":{"language":"markdown"},"content":[{"type":"text","text":"> blockquote\\n\\n```javascript\\nconst this = \\"coeeBlock\\";\\n```\\n\\n$E = mc^2$\\n\\n$$\\nE = mc^2\\n$$\\n\\n***\\n\\n| Header  | Header  | Header |\\n| ------- | ------- | ------ |\\n| Content | Content |        |\\n| Content |         |        |\\n\\n:::details{open=\\"true\\" summary=\\"summary\\"}\\ncontent\\n:::\\n\\n:::diagram\\ngraph TD;\\n    A --> B;\\n:::"}]},{"type":"embed","attrs":{"src":"https://ixk.me","title":"My Homepage"}},{"type":"embed","attrs":{"src":"https://gist.github.com/syfxlin/bef0c2f70beee99061f1612968a3e085","title":"Weekly development breakdown"}},{"type":"codeBlock","attrs":{"language":"markdown"},"content":[{"type":"text","text":":embed{src=\\"https://ixk.me\\" title=\\"My Homepage\\"}\\n:embed{src=\\"https://gist.github.com/syfxlin/bef0c2f70beee99061f1612968a3e085\\" title=\\"Weekly development breakdown\\"}\\n// default support airtable, codepen, codesandbox, draw.io, gist, google docs, office"}]}]}', '2021-11-28 23:59:42.637157', 8, '619fc3889d5f264f6f32d3d2', '{"cover":"https://images.pexels.com/photos/10278313/pexels-photo-10278313.jpeg"}', 'tada', 'Hello, Hoshi-Note');
INSERT INTO note_history (id, content, save_time, version, note_id, attributes, icon, name) VALUES ('61a3a92b18c9feb51acb7e77', '{"type":"doc","content":[{"type":"blockquote","content":[{"type":"paragraph","content":[{"type":"text","text":"Hoshi-Note 采用富文本编辑器，"}]}]},{"type":"heading","attrs":{"level":2},"content":[{"type":"text","text":"安装 Installation"}]},{"type":"paragraph","content":[{"type":"text","text":"见 Github 仓库里的 README.md"}]},{"type":"heading","attrs":{"level":2},"content":[{"type":"text","text":"包含的扩展 Included extensions"}]},{"type":"heading","attrs":{"level":3},"content":[{"type":"text","text":"Extensions"}]},{"type":"bulletList","content":[{"type":"listItem","content":[{"type":"paragraph","content":[{"type":"text","text":"BlockMenu*：块菜单，也称为斜杠菜单，通过 ''/'' 字符开启菜单，用于添加 nodes。"}]}]},{"type":"listItem","content":[{"type":"paragraph","content":[{"type":"text","text":"FloatMenu*：浮动菜单，选中文本开启菜单，用于将 marks 应用到文本。"}]}]},{"type":"listItem","content":[{"type":"paragraph","content":[{"type":"text","text":"Clipboard*：剪贴板扩展，用于解析粘贴的 Markdown 内容，同时在复制时将内容序列化为 Markdown。"}]}]},{"type":"listItem","content":[{"type":"paragraph","content":[{"type":"text","text":"Markdown*：Markdown 扩展，提供 Markdown 解析器和序列化器，使用 "},{"type":"text","marks":[{"type":"link","attrs":{"href":"https://github.com/remarkjs/remark","target":"_blank"}}],"text":"remark"},{"type":"text","text":" 处理 Markdown 语法。"}]}]},{"type":"listItem","content":[{"type":"paragraph","content":[{"type":"text","text":"DropCursor"}]}]},{"type":"listItem","content":[{"type":"paragraph","content":[{"type":"text","text":"GapCursor"}]}]},{"type":"listItem","content":[{"type":"paragraph","content":[{"type":"text","text":"History"}]}]}]},{"type":"heading","attrs":{"level":3},"content":[{"type":"text","text":"Nodes"}]},{"type":"bulletList","content":[{"type":"listItem","content":[{"type":"paragraph","content":[{"type":"text","text":"Emoji*：表情扩展，将 Gemoji 解析为对应 Unicode 字符，同时提供了搜索、选择表情的功能，使用 ''::'' 打开。"}]}]},{"type":"listItem","content":[{"type":"paragraph","content":[{"type":"text","text":"MathInline*：行内公式，提供渲染 "},{"type":"text","marks":[{"type":"link","attrs":{"href":"https://katex.org/","target":"_blank"}}],"text":"Katex"},{"type":"text","text":" 公式的功能。"}]}]},{"type":"listItem","content":[{"type":"paragraph","content":[{"type":"text","text":"MathBlock*：公式块，提供渲染 "},{"type":"text","marks":[{"type":"link","attrs":{"href":"https://katex.org/","target":"_blank"}}],"text":"Katex"},{"type":"text","text":" 公式的功能。"}]}]},{"type":"listItem","content":[{"type":"paragraph","content":[{"type":"text","text":"Diagram*：图表块，提供渲染 "},{"type":"text","marks":[{"type":"link","attrs":{"href":"https://mermaid-js.github.io/mermaid/#/","target":"_blank"}}],"text":"Mermaid"},{"type":"text","text":" 图标的功能。"}]}]},{"type":"listItem","content":[{"type":"paragraph","content":[{"type":"text","text":"Audio*：音频块。"}]}]},{"type":"listItem","content":[{"type":"paragraph","content":[{"type":"text","text":"Video*：视频块。"}]}]},{"type":"listItem","content":[{"type":"paragraph","content":[{"type":"text","text":"Details*：折叠内容块。"}]}]},{"type":"listItem","content":[{"type":"paragraph","content":[{"type":"text","text":"Embed*：嵌入块，提供嵌入网页的功能。"}]}]},{"type":"listItem","content":[{"type":"paragraph","content":[{"type":"text","text":"Document"}]}]},{"type":"listItem","content":[{"type":"paragraph","content":[{"type":"text","text":"Paragraph"}]}]},{"type":"listItem","content":[{"type":"paragraph","content":[{"type":"text","text":"Text"}]}]},{"type":"listItem","content":[{"type":"paragraph","content":[{"type":"text","text":"Blockquote"}]}]},{"type":"listItem","content":[{"type":"paragraph","content":[{"type":"text","text":"BulletList"}]}]},{"type":"listItem","content":[{"type":"paragraph","content":[{"type":"text","text":"ListItem"}]}]},{"type":"listItem","content":[{"type":"paragraph","content":[{"type":"text","text":"CodeBlock：添加选择语言的功能"}]}]},{"type":"listItem","content":[{"type":"paragraph","content":[{"type":"text","text":"HardBreak"}]}]},{"type":"listItem","content":[{"type":"paragraph","content":[{"type":"text","text":"Heading"}]}]},{"type":"listItem","content":[{"type":"paragraph","content":[{"type":"text","text":"HorizontalRule"}]}]},{"type":"listItem","content":[{"type":"paragraph","content":[{"type":"text","text":"Image：添加了浮动的修改框"}]}]},{"type":"listItem","content":[{"type":"paragraph","content":[{"type":"text","text":"OrderedList"}]}]},{"type":"listItem","content":[{"type":"paragraph","content":[{"type":"text","text":"Table：添加了浮动的操作菜单"}]}]},{"type":"listItem","content":[{"type":"paragraph","content":[{"type":"text","text":"TableCell"}]}]},{"type":"listItem","content":[{"type":"paragraph","content":[{"type":"text","text":"TableHeader"}]}]},{"type":"listItem","content":[{"type":"paragraph","content":[{"type":"text","text":"TableRow"}]}]},{"type":"listItem","content":[{"type":"paragraph","content":[{"type":"text","text":"TaskList"}]}]},{"type":"listItem","content":[{"type":"paragraph","content":[{"type":"text","text":"TaskItem"}]}]}]},{"type":"heading","attrs":{"level":3},"content":[{"type":"text","text":"Marks"}]},{"type":"bulletList","content":[{"type":"listItem","content":[{"type":"paragraph","content":[{"type":"text","text":"Bold"}]}]},{"type":"listItem","content":[{"type":"paragraph","content":[{"type":"text","text":"Code"}]}]},{"type":"listItem","content":[{"type":"paragraph","content":[{"type":"text","text":"Highlight"}]}]},{"type":"listItem","content":[{"type":"paragraph","content":[{"type":"text","text":"Italic"}]}]},{"type":"listItem","content":[{"type":"paragraph","content":[{"type":"text","text":"Link：添加了浮动的修改框"}]}]},{"type":"listItem","content":[{"type":"paragraph","content":[{"type":"text","text":"Strike"}]}]}]},{"type":"heading","attrs":{"level":1},"content":[{"type":"text","text":"Heading 1"}]},{"type":"heading","attrs":{"level":2},"content":[{"type":"text","text":"Heading 2"}]},{"type":"heading","attrs":{"level":3},"content":[{"type":"text","text":"Heading 3"}]},{"type":"heading","attrs":{"level":4},"content":[{"type":"text","text":"Heading 4"}]},{"type":"heading","attrs":{"level":5},"content":[{"type":"text","text":"Heading 5"}]},{"type":"heading","attrs":{"level":6},"content":[{"type":"text","text":"Heading 6"}]},{"type":"codeBlock","attrs":{"language":"markdown"},"content":[{"type":"text","text":"# heading 1\\n## heading 2\\n### heading 3\\n#### heading 4\\n##### heading 5\\n###### heading 6"}]},{"type":"paragraph","content":[{"type":"text","marks":[{"type":"bold"}],"text":"bold"},{"type":"text","text":" "},{"type":"text","marks":[{"type":"code"}],"text":"code"},{"type":"text","text":" "},{"type":"text","marks":[{"type":"italic"}],"text":"italic"},{"type":"text","text":" "},{"type":"text","marks":[{"type":"link","attrs":{"href":"https://github.com/syfxlin/tiptap-starter-kit","target":"_blank"}}],"text":"link"},{"type":"text","text":" "},{"type":"text","marks":[{"type":"strike"}],"text":"strike"},{"type":"text","text":" "},{"type":"text","marks":[{"type":"highlight"}],"text":"highlight"}]},{"type":"codeBlock","attrs":{"language":"markdown"},"content":[{"type":"text","text":"**bold** `code` *italic* [link](https://github.com/syfxlin/tiptap-starter-kit)"}]},{"type":"orderedList","attrs":{"start":1},"content":[{"type":"listItem","content":[{"type":"paragraph","content":[{"type":"text","text":"item 1"}]}]},{"type":"listItem","content":[{"type":"paragraph","content":[{"type":"text","text":"item 2"}]},{"type":"orderedList","attrs":{"start":1},"content":[{"type":"listItem","content":[{"type":"paragraph","content":[{"type":"text","text":"item 3"}]},{"type":"orderedList","attrs":{"start":1},"content":[{"type":"listItem","content":[{"type":"paragraph","content":[{"type":"text","text":"item 4"}]}]}]}]}]}]},{"type":"listItem","content":[{"type":"paragraph","content":[{"type":"text","text":"item 5"}]}]}]},{"type":"bulletList","content":[{"type":"listItem","content":[{"type":"paragraph","content":[{"type":"text","text":"item 1"}]}]},{"type":"listItem","content":[{"type":"paragraph","content":[{"type":"text","text":"item 2"}]},{"type":"bulletList","content":[{"type":"listItem","content":[{"type":"paragraph","content":[{"type":"text","text":"item 3"}]},{"type":"bulletList","content":[{"type":"listItem","content":[{"type":"paragraph","content":[{"type":"text","text":"item 4"}]}]}]}]}]}]},{"type":"listItem","content":[{"type":"paragraph","content":[{"type":"text","text":"item 5"}]}]}]},{"type":"taskList","content":[{"type":"taskItem","attrs":{"checked":false},"content":[{"type":"paragraph","content":[{"type":"text","text":"item 1"}]}]},{"type":"taskItem","attrs":{"checked":false},"content":[{"type":"paragraph","content":[{"type":"text","text":"item 2"}]},{"type":"taskList","content":[{"type":"taskItem","attrs":{"checked":true},"content":[{"type":"paragraph","content":[{"type":"text","text":"item 3"}]},{"type":"taskList","content":[{"type":"taskItem","attrs":{"checked":false},"content":[{"type":"paragraph","content":[{"type":"text","text":"item 4"}]}]}]}]}]}]},{"type":"taskItem","attrs":{"checked":false},"content":[{"type":"paragraph","content":[{"type":"text","text":"item 5"}]}]}]},{"type":"codeBlock","attrs":{"language":"markdown"},"content":[{"type":"text","text":"1.  item 1\\n2.  item 2\\n    1.  item 3\\n        1.  item 4\\n3.  item 5\\n\\n*   item 1\\n*   item 2\\n    *   item 3\\n        *   item 4\\n*   item 5\\n\\n*   [ ] item 1\\n*   [ ] item 2\\n    *   [x] item 3\\n        *   [ ] item 4\\n*   [ ] item 5"}]},{"type":"paragraph","content":[{"type":"image","attrs":{"src":"https://ixk.me/bg.jpg","alt":"","title":""}},{"type":"audio","attrs":{"src":"https://lab.ixk.me/assets/media/Summer.mp3","title":""}}]},{"type":"paragraph","content":[{"type":"video","attrs":{"src":"https://lab.ixk.me/assets/media/movie.mp4","title":""}}]},{"type":"codeBlock","attrs":{"language":"markdown"},"content":[{"type":"text","text":"![](https://ixk.me/bg.jpg)\\n:audio{src=\\"https://lab.ixk.me/assets/media/Summer.mp3\\"}\\n:video{src=\\"https://lab.ixk.me/assets/media/movie.mp4\\"}"}]},{"type":"blockquote","content":[{"type":"paragraph","content":[{"type":"text","text":"blockquote"}]}]},{"type":"codeBlock","attrs":{"language":"javascript"},"content":[{"type":"text","text":"const this = \\"coeeBlock\\";"}]},{"type":"paragraph","content":[{"type":"mathInline","attrs":{"value":"E = mc^2"}}]},{"type":"mathBlock","content":[{"type":"text","text":"E = mc^2"}]},{"type":"horizontalRule"},{"type":"table","content":[{"type":"tableRow","content":[{"type":"tableHeader","attrs":{"colspan":1,"rowspan":1,"colwidth":null},"content":[{"type":"paragraph","content":[{"type":"text","text":"Header"}]}]},{"type":"tableHeader","attrs":{"colspan":1,"rowspan":1,"colwidth":null},"content":[{"type":"paragraph","content":[{"type":"text","text":"Header"}]}]},{"type":"tableHeader","attrs":{"colspan":1,"rowspan":1,"colwidth":null},"content":[{"type":"paragraph","content":[{"type":"text","text":"Header"}]}]}]},{"type":"tableRow","content":[{"type":"tableCell","attrs":{"colspan":1,"rowspan":1,"colwidth":null},"content":[{"type":"paragraph","content":[{"type":"text","text":"Content"}]}]},{"type":"tableCell","attrs":{"colspan":1,"rowspan":1,"colwidth":null},"content":[{"type":"paragraph","content":[{"type":"text","text":"Content"}]}]},{"type":"tableCell","attrs":{"colspan":1,"rowspan":1,"colwidth":null},"content":[{"type":"paragraph"}]}]},{"type":"tableRow","content":[{"type":"tableCell","attrs":{"colspan":1,"rowspan":1,"colwidth":null},"content":[{"type":"paragraph","content":[{"type":"text","text":"Content"}]}]},{"type":"tableCell","attrs":{"colspan":1,"rowspan":1,"colwidth":null},"content":[{"type":"paragraph"}]},{"type":"tableCell","attrs":{"colspan":1,"rowspan":1,"colwidth":null},"content":[{"type":"paragraph"}]}]}]},{"type":"details","attrs":{"open":"","summary":"summary"},"content":[{"type":"paragraph","content":[{"type":"text","text":"content"}]}]},{"type":"diagram","content":[{"type":"text","text":"graph TD;\\n    A --> B;"}]},{"type":"codeBlock","attrs":{"language":"markdown"},"content":[{"type":"text","text":"> blockquote\\n\\n```javascript\\nconst this = \\"coeeBlock\\";\\n```\\n\\n$E = mc^2$\\n\\n$$\\nE = mc^2\\n$$\\n\\n***\\n\\n| Header  | Header  | Header |\\n| ------- | ------- | ------ |\\n| Content | Content |        |\\n| Content |         |        |\\n\\n:::details{open=\\"true\\" summary=\\"summary\\"}\\ncontent\\n:::\\n\\n:::diagram\\ngraph TD;\\n    A --> B;\\n:::"}]},{"type":"embed","attrs":{"src":"https://ixk.me","title":"My Homepage"}},{"type":"embed","attrs":{"src":"https://gist.github.com/syfxlin/bef0c2f70beee99061f1612968a3e085","title":"Weekly development breakdown"}},{"type":"codeBlock","attrs":{"language":"markdown"},"content":[{"type":"text","text":":embed{src=\\"https://ixk.me\\" title=\\"My Homepage\\"}\\n:embed{src=\\"https://gist.github.com/syfxlin/bef0c2f70beee99061f1612968a3e085\\" title=\\"Weekly development breakdown\\"}\\n// default support airtable, codepen, codesandbox, draw.io, gist, google docs, office"}]}]}', '2021-11-29 00:07:07.024082', 15, '619fc3889d5f264f6f32d3d2', '{"cover":"https://images.pexels.com/photos/10278313/pexels-photo-10278313.jpeg"}', 'tada', 'Hello, Hoshi-Note');
INSERT INTO note_history (id, content, save_time, version, note_id, attributes, icon, name) VALUES ('61a3ab4218c9feb51acb7e78', '{"type":"doc","content":[{"type":"blockquote","content":[{"type":"paragraph","content":[{"type":"text","text":"Hoshi-Note 采用富文本编辑器"}]}]},{"type":"heading","attrs":{"level":2},"content":[{"type":"text","text":"安装 Installation"}]},{"type":"paragraph","content":[{"type":"text","text":"见 Github 仓库里的 README.md"}]},{"type":"heading","attrs":{"level":2},"content":[{"type":"text","text":"包含的扩展 Included extensions"}]},{"type":"heading","attrs":{"level":3},"content":[{"type":"text","text":"Extensions"}]},{"type":"bulletList","content":[{"type":"listItem","content":[{"type":"paragraph","content":[{"type":"text","text":"BlockMenu*：块菜单，也称为斜杠菜单，通过 ''/'' 字符开启菜单，用于添加 nodes。"}]}]},{"type":"listItem","content":[{"type":"paragraph","content":[{"type":"text","text":"FloatMenu*：浮动菜单，选中文本开启菜单，用于将 marks 应用到文本。"}]}]},{"type":"listItem","content":[{"type":"paragraph","content":[{"type":"text","text":"Clipboard*：剪贴板扩展，用于解析粘贴的 Markdown 内容，同时在复制时将内容序列化为 Markdown。"}]}]},{"type":"listItem","content":[{"type":"paragraph","content":[{"type":"text","text":"Markdown*：Markdown 扩展，提供 Markdown 解析器和序列化器，使用 "},{"type":"text","marks":[{"type":"link","attrs":{"href":"https://github.com/remarkjs/remark","target":"_blank"}}],"text":"remark"},{"type":"text","text":" 处理 Markdown 语法。"}]}]},{"type":"listItem","content":[{"type":"paragraph","content":[{"type":"text","text":"DropCursor"}]}]},{"type":"listItem","content":[{"type":"paragraph","content":[{"type":"text","text":"GapCursor"}]}]},{"type":"listItem","content":[{"type":"paragraph","content":[{"type":"text","text":"History"}]}]}]},{"type":"heading","attrs":{"level":3},"content":[{"type":"text","text":"Nodes"}]},{"type":"bulletList","content":[{"type":"listItem","content":[{"type":"paragraph","content":[{"type":"text","text":"Emoji*：表情扩展，将 Gemoji 解析为对应 Unicode 字符，同时提供了搜索、选择表情的功能，使用 ''::'' 打开。"}]}]},{"type":"listItem","content":[{"type":"paragraph","content":[{"type":"text","text":"MathInline*：行内公式，提供渲染 "},{"type":"text","marks":[{"type":"link","attrs":{"href":"https://katex.org/","target":"_blank"}}],"text":"Katex"},{"type":"text","text":" 公式的功能。"}]}]},{"type":"listItem","content":[{"type":"paragraph","content":[{"type":"text","text":"MathBlock*：公式块，提供渲染 "},{"type":"text","marks":[{"type":"link","attrs":{"href":"https://katex.org/","target":"_blank"}}],"text":"Katex"},{"type":"text","text":" 公式的功能。"}]}]},{"type":"listItem","content":[{"type":"paragraph","content":[{"type":"text","text":"Diagram*：图表块，提供渲染 "},{"type":"text","marks":[{"type":"link","attrs":{"href":"https://mermaid-js.github.io/mermaid/#/","target":"_blank"}}],"text":"Mermaid"},{"type":"text","text":" 图标的功能。"}]}]},{"type":"listItem","content":[{"type":"paragraph","content":[{"type":"text","text":"Audio*：音频块。"}]}]},{"type":"listItem","content":[{"type":"paragraph","content":[{"type":"text","text":"Video*：视频块。"}]}]},{"type":"listItem","content":[{"type":"paragraph","content":[{"type":"text","text":"Details*：折叠内容块。"}]}]},{"type":"listItem","content":[{"type":"paragraph","content":[{"type":"text","text":"Embed*：嵌入块，提供嵌入网页的功能。"}]}]},{"type":"listItem","content":[{"type":"paragraph","content":[{"type":"text","text":"Document"}]}]},{"type":"listItem","content":[{"type":"paragraph","content":[{"type":"text","text":"Paragraph"}]}]},{"type":"listItem","content":[{"type":"paragraph","content":[{"type":"text","text":"Text"}]}]},{"type":"listItem","content":[{"type":"paragraph","content":[{"type":"text","text":"Blockquote"}]}]},{"type":"listItem","content":[{"type":"paragraph","content":[{"type":"text","text":"BulletList"}]}]},{"type":"listItem","content":[{"type":"paragraph","content":[{"type":"text","text":"ListItem"}]}]},{"type":"listItem","content":[{"type":"paragraph","content":[{"type":"text","text":"CodeBlock：添加选择语言的功能"}]}]},{"type":"listItem","content":[{"type":"paragraph","content":[{"type":"text","text":"HardBreak"}]}]},{"type":"listItem","content":[{"type":"paragraph","content":[{"type":"text","text":"Heading"}]}]},{"type":"listItem","content":[{"type":"paragraph","content":[{"type":"text","text":"HorizontalRule"}]}]},{"type":"listItem","content":[{"type":"paragraph","content":[{"type":"text","text":"Image：添加了浮动的修改框"}]}]},{"type":"listItem","content":[{"type":"paragraph","content":[{"type":"text","text":"OrderedList"}]}]},{"type":"listItem","content":[{"type":"paragraph","content":[{"type":"text","text":"Table：添加了浮动的操作菜单"}]}]},{"type":"listItem","content":[{"type":"paragraph","content":[{"type":"text","text":"TableCell"}]}]},{"type":"listItem","content":[{"type":"paragraph","content":[{"type":"text","text":"TableHeader"}]}]},{"type":"listItem","content":[{"type":"paragraph","content":[{"type":"text","text":"TableRow"}]}]},{"type":"listItem","content":[{"type":"paragraph","content":[{"type":"text","text":"TaskList"}]}]},{"type":"listItem","content":[{"type":"paragraph","content":[{"type":"text","text":"TaskItem"}]}]}]},{"type":"heading","attrs":{"level":3},"content":[{"type":"text","text":"Marks"}]},{"type":"bulletList","content":[{"type":"listItem","content":[{"type":"paragraph","content":[{"type":"text","text":"Bold"}]}]},{"type":"listItem","content":[{"type":"paragraph","content":[{"type":"text","text":"Code"}]}]},{"type":"listItem","content":[{"type":"paragraph","content":[{"type":"text","text":"Highlight"}]}]},{"type":"listItem","content":[{"type":"paragraph","content":[{"type":"text","text":"Italic"}]}]},{"type":"listItem","content":[{"type":"paragraph","content":[{"type":"text","text":"Link：添加了浮动的修改框"}]}]},{"type":"listItem","content":[{"type":"paragraph","content":[{"type":"text","text":"Strike"}]}]}]},{"type":"heading","attrs":{"level":1},"content":[{"type":"text","text":"Heading 1"}]},{"type":"heading","attrs":{"level":2},"content":[{"type":"text","text":"Heading 2"}]},{"type":"heading","attrs":{"level":3},"content":[{"type":"text","text":"Heading 3"}]},{"type":"heading","attrs":{"level":4},"content":[{"type":"text","text":"Heading 4"}]},{"type":"heading","attrs":{"level":5},"content":[{"type":"text","text":"Heading 5"}]},{"type":"heading","attrs":{"level":6},"content":[{"type":"text","text":"Heading 6"}]},{"type":"codeBlock","attrs":{"language":"markdown"},"content":[{"type":"text","text":"# heading 1\\n## heading 2\\n### heading 3\\n#### heading 4\\n##### heading 5\\n###### heading 6"}]},{"type":"paragraph","content":[{"type":"text","marks":[{"type":"bold"}],"text":"bold"},{"type":"text","text":" "},{"type":"text","marks":[{"type":"code"}],"text":"code"},{"type":"text","text":" "},{"type":"text","marks":[{"type":"italic"}],"text":"italic"},{"type":"text","text":" "},{"type":"text","marks":[{"type":"link","attrs":{"href":"https://github.com/syfxlin/tiptap-starter-kit","target":"_blank"}}],"text":"link"},{"type":"text","text":" "},{"type":"text","marks":[{"type":"strike"}],"text":"strike"},{"type":"text","text":" "},{"type":"text","marks":[{"type":"highlight"}],"text":"highlight"}]},{"type":"codeBlock","attrs":{"language":"markdown"},"content":[{"type":"text","text":"**bold** `code` *italic* [link](https://github.com/syfxlin/tiptap-starter-kit)"}]},{"type":"orderedList","attrs":{"start":1},"content":[{"type":"listItem","content":[{"type":"paragraph","content":[{"type":"text","text":"item 1"}]}]},{"type":"listItem","content":[{"type":"paragraph","content":[{"type":"text","text":"item 2"}]},{"type":"orderedList","attrs":{"start":1},"content":[{"type":"listItem","content":[{"type":"paragraph","content":[{"type":"text","text":"item 3"}]},{"type":"orderedList","attrs":{"start":1},"content":[{"type":"listItem","content":[{"type":"paragraph","content":[{"type":"text","text":"item 4"}]}]}]}]}]}]},{"type":"listItem","content":[{"type":"paragraph","content":[{"type":"text","text":"item 5"}]}]}]},{"type":"bulletList","content":[{"type":"listItem","content":[{"type":"paragraph","content":[{"type":"text","text":"item 1"}]}]},{"type":"listItem","content":[{"type":"paragraph","content":[{"type":"text","text":"item 2"}]},{"type":"bulletList","content":[{"type":"listItem","content":[{"type":"paragraph","content":[{"type":"text","text":"item 3"}]},{"type":"bulletList","content":[{"type":"listItem","content":[{"type":"paragraph","content":[{"type":"text","text":"item 4"}]}]}]}]}]}]},{"type":"listItem","content":[{"type":"paragraph","content":[{"type":"text","text":"item 5"}]}]}]},{"type":"taskList","content":[{"type":"taskItem","attrs":{"checked":false},"content":[{"type":"paragraph","content":[{"type":"text","text":"item 1"}]}]},{"type":"taskItem","attrs":{"checked":false},"content":[{"type":"paragraph","content":[{"type":"text","text":"item 2"}]},{"type":"taskList","content":[{"type":"taskItem","attrs":{"checked":true},"content":[{"type":"paragraph","content":[{"type":"text","text":"item 3"}]},{"type":"taskList","content":[{"type":"taskItem","attrs":{"checked":false},"content":[{"type":"paragraph","content":[{"type":"text","text":"item 4"}]}]}]}]}]}]},{"type":"taskItem","attrs":{"checked":false},"content":[{"type":"paragraph","content":[{"type":"text","text":"item 5"}]}]}]},{"type":"codeBlock","attrs":{"language":"markdown"},"content":[{"type":"text","text":"1.  item 1\\n2.  item 2\\n    1.  item 3\\n        1.  item 4\\n3.  item 5\\n\\n*   item 1\\n*   item 2\\n    *   item 3\\n        *   item 4\\n*   item 5\\n\\n*   [ ] item 1\\n*   [ ] item 2\\n    *   [x] item 3\\n        *   [ ] item 4\\n*   [ ] item 5"}]},{"type":"paragraph","content":[{"type":"image","attrs":{"src":"https://ixk.me/bg.jpg","alt":"","title":""}},{"type":"audio","attrs":{"src":"https://lab.ixk.me/assets/media/Summer.mp3","title":""}}]},{"type":"paragraph","content":[{"type":"video","attrs":{"src":"https://lab.ixk.me/assets/media/movie.mp4","title":""}}]},{"type":"codeBlock","attrs":{"language":"markdown"},"content":[{"type":"text","text":"![](https://ixk.me/bg.jpg)\\n:audio{src=\\"https://lab.ixk.me/assets/media/Summer.mp3\\"}\\n:video{src=\\"https://lab.ixk.me/assets/media/movie.mp4\\"}"}]},{"type":"blockquote","content":[{"type":"paragraph","content":[{"type":"text","text":"blockquote"}]}]},{"type":"codeBlock","attrs":{"language":"javascript"},"content":[{"type":"text","text":"const this = \\"coeeBlock\\";"}]},{"type":"paragraph","content":[{"type":"mathInline","attrs":{"value":"E = mc^2"}}]},{"type":"mathBlock","content":[{"type":"text","text":"E = mc^2"}]},{"type":"horizontalRule"},{"type":"table","content":[{"type":"tableRow","content":[{"type":"tableHeader","attrs":{"colspan":1,"rowspan":1,"colwidth":null},"content":[{"type":"paragraph","content":[{"type":"text","text":"Header"}]}]},{"type":"tableHeader","attrs":{"colspan":1,"rowspan":1,"colwidth":null},"content":[{"type":"paragraph","content":[{"type":"text","text":"Header"}]}]},{"type":"tableHeader","attrs":{"colspan":1,"rowspan":1,"colwidth":null},"content":[{"type":"paragraph","content":[{"type":"text","text":"Header"}]}]}]},{"type":"tableRow","content":[{"type":"tableCell","attrs":{"colspan":1,"rowspan":1,"colwidth":null},"content":[{"type":"paragraph","content":[{"type":"text","text":"Content"}]}]},{"type":"tableCell","attrs":{"colspan":1,"rowspan":1,"colwidth":null},"content":[{"type":"paragraph","content":[{"type":"text","text":"Content"}]}]},{"type":"tableCell","attrs":{"colspan":1,"rowspan":1,"colwidth":null},"content":[{"type":"paragraph"}]}]},{"type":"tableRow","content":[{"type":"tableCell","attrs":{"colspan":1,"rowspan":1,"colwidth":null},"content":[{"type":"paragraph","content":[{"type":"text","text":"Content"}]}]},{"type":"tableCell","attrs":{"colspan":1,"rowspan":1,"colwidth":null},"content":[{"type":"paragraph"}]},{"type":"tableCell","attrs":{"colspan":1,"rowspan":1,"colwidth":null},"content":[{"type":"paragraph"}]}]}]},{"type":"details","attrs":{"open":"","summary":"summary"},"content":[{"type":"paragraph","content":[{"type":"text","text":"content"}]}]},{"type":"diagram","content":[{"type":"text","text":"graph TD;\\n    A --> B;"}]},{"type":"codeBlock","attrs":{"language":"markdown"},"content":[{"type":"text","text":"> blockquote\\n\\n```javascript\\nconst this = \\"coeeBlock\\";\\n```\\n\\n$E = mc^2$\\n\\n$$\\nE = mc^2\\n$$\\n\\n***\\n\\n| Header  | Header  | Header |\\n| ------- | ------- | ------ |\\n| Content | Content |        |\\n| Content |         |        |\\n\\n:::details{open=\\"true\\" summary=\\"summary\\"}\\ncontent\\n:::\\n\\n:::diagram\\ngraph TD;\\n    A --> B;\\n:::"}]},{"type":"embed","attrs":{"src":"https://ixk.me","title":"My Homepage"}},{"type":"embed","attrs":{"src":"https://gist.github.com/syfxlin/bef0c2f70beee99061f1612968a3e085","title":"Weekly development breakdown"}},{"type":"codeBlock","attrs":{"language":"markdown"},"content":[{"type":"text","text":":embed{src=\\"https://ixk.me\\" title=\\"My Homepage\\"}\\n:embed{src=\\"https://gist.github.com/syfxlin/bef0c2f70beee99061f1612968a3e085\\" title=\\"Weekly development breakdown\\"}\\n// default support airtable, codepen, codesandbox, draw.io, gist, google docs, office"}]}]}', '2021-11-29 00:16:02.044852', 19, '619fc3889d5f264f6f32d3d2', '{"cover":"https://images.pexels.com/photos/10278313/pexels-photo-10278313.jpeg"}', 'tada', 'Hello, Hoshi-Note');
INSERT INTO note_history (id, content, save_time, version, note_id, attributes, icon, name) VALUES ('61a3ac0818c9feb51acb7e79', '{"type":"doc","content":[{"type":"blockquote","content":[{"type":"paragraph","content":[{"type":"text","text":"Hoshi-Note 采用富文本编辑器，是"}]}]},{"type":"heading","attrs":{"level":2},"content":[{"type":"text","text":"安装 Installation"}]},{"type":"paragraph","content":[{"type":"text","text":"见 Github 仓库里的 README.md"}]},{"type":"heading","attrs":{"level":2},"content":[{"type":"text","text":"包含的扩展 Included extensions"}]},{"type":"heading","attrs":{"level":3},"content":[{"type":"text","text":"Extensions"}]},{"type":"bulletList","content":[{"type":"listItem","content":[{"type":"paragraph","content":[{"type":"text","text":"BlockMenu*：块菜单，也称为斜杠菜单，通过 ''/'' 字符开启菜单，用于添加 nodes。"}]}]},{"type":"listItem","content":[{"type":"paragraph","content":[{"type":"text","text":"FloatMenu*：浮动菜单，选中文本开启菜单，用于将 marks 应用到文本。"}]}]},{"type":"listItem","content":[{"type":"paragraph","content":[{"type":"text","text":"Clipboard*：剪贴板扩展，用于解析粘贴的 Markdown 内容，同时在复制时将内容序列化为 Markdown。"}]}]},{"type":"listItem","content":[{"type":"paragraph","content":[{"type":"text","text":"Markdown*：Markdown 扩展，提供 Markdown 解析器和序列化器，使用 "},{"type":"text","marks":[{"type":"link","attrs":{"href":"https://github.com/remarkjs/remark","target":"_blank"}}],"text":"remark"},{"type":"text","text":" 处理 Markdown 语法。"}]}]},{"type":"listItem","content":[{"type":"paragraph","content":[{"type":"text","text":"DropCursor"}]}]},{"type":"listItem","content":[{"type":"paragraph","content":[{"type":"text","text":"GapCursor"}]}]},{"type":"listItem","content":[{"type":"paragraph","content":[{"type":"text","text":"History"}]}]}]},{"type":"heading","attrs":{"level":3},"content":[{"type":"text","text":"Nodes"}]},{"type":"bulletList","content":[{"type":"listItem","content":[{"type":"paragraph","content":[{"type":"text","text":"Emoji*：表情扩展，将 Gemoji 解析为对应 Unicode 字符，同时提供了搜索、选择表情的功能，使用 ''::'' 打开。"}]}]},{"type":"listItem","content":[{"type":"paragraph","content":[{"type":"text","text":"MathInline*：行内公式，提供渲染 "},{"type":"text","marks":[{"type":"link","attrs":{"href":"https://katex.org/","target":"_blank"}}],"text":"Katex"},{"type":"text","text":" 公式的功能。"}]}]},{"type":"listItem","content":[{"type":"paragraph","content":[{"type":"text","text":"MathBlock*：公式块，提供渲染 "},{"type":"text","marks":[{"type":"link","attrs":{"href":"https://katex.org/","target":"_blank"}}],"text":"Katex"},{"type":"text","text":" 公式的功能。"}]}]},{"type":"listItem","content":[{"type":"paragraph","content":[{"type":"text","text":"Diagram*：图表块，提供渲染 "},{"type":"text","marks":[{"type":"link","attrs":{"href":"https://mermaid-js.github.io/mermaid/#/","target":"_blank"}}],"text":"Mermaid"},{"type":"text","text":" 图标的功能。"}]}]},{"type":"listItem","content":[{"type":"paragraph","content":[{"type":"text","text":"Audio*：音频块。"}]}]},{"type":"listItem","content":[{"type":"paragraph","content":[{"type":"text","text":"Video*：视频块。"}]}]},{"type":"listItem","content":[{"type":"paragraph","content":[{"type":"text","text":"Details*：折叠内容块。"}]}]},{"type":"listItem","content":[{"type":"paragraph","content":[{"type":"text","text":"Embed*：嵌入块，提供嵌入网页的功能。"}]}]},{"type":"listItem","content":[{"type":"paragraph","content":[{"type":"text","text":"Document"}]}]},{"type":"listItem","content":[{"type":"paragraph","content":[{"type":"text","text":"Paragraph"}]}]},{"type":"listItem","content":[{"type":"paragraph","content":[{"type":"text","text":"Text"}]}]},{"type":"listItem","content":[{"type":"paragraph","content":[{"type":"text","text":"Blockquote"}]}]},{"type":"listItem","content":[{"type":"paragraph","content":[{"type":"text","text":"BulletList"}]}]},{"type":"listItem","content":[{"type":"paragraph","content":[{"type":"text","text":"ListItem"}]}]},{"type":"listItem","content":[{"type":"paragraph","content":[{"type":"text","text":"CodeBlock：添加选择语言的功能"}]}]},{"type":"listItem","content":[{"type":"paragraph","content":[{"type":"text","text":"HardBreak"}]}]},{"type":"listItem","content":[{"type":"paragraph","content":[{"type":"text","text":"Heading"}]}]},{"type":"listItem","content":[{"type":"paragraph","content":[{"type":"text","text":"HorizontalRule"}]}]},{"type":"listItem","content":[{"type":"paragraph","content":[{"type":"text","text":"Image：添加了浮动的修改框"}]}]},{"type":"listItem","content":[{"type":"paragraph","content":[{"type":"text","text":"OrderedList"}]}]},{"type":"listItem","content":[{"type":"paragraph","content":[{"type":"text","text":"Table：添加了浮动的操作菜单"}]}]},{"type":"listItem","content":[{"type":"paragraph","content":[{"type":"text","text":"TableCell"}]}]},{"type":"listItem","content":[{"type":"paragraph","content":[{"type":"text","text":"TableHeader"}]}]},{"type":"listItem","content":[{"type":"paragraph","content":[{"type":"text","text":"TableRow"}]}]},{"type":"listItem","content":[{"type":"paragraph","content":[{"type":"text","text":"TaskList"}]}]},{"type":"listItem","content":[{"type":"paragraph","content":[{"type":"text","text":"TaskItem"}]}]}]},{"type":"heading","attrs":{"level":3},"content":[{"type":"text","text":"Marks"}]},{"type":"bulletList","content":[{"type":"listItem","content":[{"type":"paragraph","content":[{"type":"text","text":"Bold"}]}]},{"type":"listItem","content":[{"type":"paragraph","content":[{"type":"text","text":"Code"}]}]},{"type":"listItem","content":[{"type":"paragraph","content":[{"type":"text","text":"Highlight"}]}]},{"type":"listItem","content":[{"type":"paragraph","content":[{"type":"text","text":"Italic"}]}]},{"type":"listItem","content":[{"type":"paragraph","content":[{"type":"text","text":"Link：添加了浮动的修改框"}]}]},{"type":"listItem","content":[{"type":"paragraph","content":[{"type":"text","text":"Strike"}]}]}]},{"type":"heading","attrs":{"level":1},"content":[{"type":"text","text":"Heading 1"}]},{"type":"heading","attrs":{"level":2},"content":[{"type":"text","text":"Heading 2"}]},{"type":"heading","attrs":{"level":3},"content":[{"type":"text","text":"Heading 3"}]},{"type":"heading","attrs":{"level":4},"content":[{"type":"text","text":"Heading 4"}]},{"type":"heading","attrs":{"level":5},"content":[{"type":"text","text":"Heading 5"}]},{"type":"heading","attrs":{"level":6},"content":[{"type":"text","text":"Heading 6"}]},{"type":"codeBlock","attrs":{"language":"markdown"},"content":[{"type":"text","text":"# heading 1\\n## heading 2\\n### heading 3\\n#### heading 4\\n##### heading 5\\n###### heading 6"}]},{"type":"paragraph","content":[{"type":"text","marks":[{"type":"bold"}],"text":"bold"},{"type":"text","text":" "},{"type":"text","marks":[{"type":"code"}],"text":"code"},{"type":"text","text":" "},{"type":"text","marks":[{"type":"italic"}],"text":"italic"},{"type":"text","text":" "},{"type":"text","marks":[{"type":"link","attrs":{"href":"https://github.com/syfxlin/tiptap-starter-kit","target":"_blank"}}],"text":"link"},{"type":"text","text":" "},{"type":"text","marks":[{"type":"strike"}],"text":"strike"},{"type":"text","text":" "},{"type":"text","marks":[{"type":"highlight"}],"text":"highlight"}]},{"type":"codeBlock","attrs":{"language":"markdown"},"content":[{"type":"text","text":"**bold** `code` *italic* [link](https://github.com/syfxlin/tiptap-starter-kit)"}]},{"type":"orderedList","attrs":{"start":1},"content":[{"type":"listItem","content":[{"type":"paragraph","content":[{"type":"text","text":"item 1"}]}]},{"type":"listItem","content":[{"type":"paragraph","content":[{"type":"text","text":"item 2"}]},{"type":"orderedList","attrs":{"start":1},"content":[{"type":"listItem","content":[{"type":"paragraph","content":[{"type":"text","text":"item 3"}]},{"type":"orderedList","attrs":{"start":1},"content":[{"type":"listItem","content":[{"type":"paragraph","content":[{"type":"text","text":"item 4"}]}]}]}]}]}]},{"type":"listItem","content":[{"type":"paragraph","content":[{"type":"text","text":"item 5"}]}]}]},{"type":"bulletList","content":[{"type":"listItem","content":[{"type":"paragraph","content":[{"type":"text","text":"item 1"}]}]},{"type":"listItem","content":[{"type":"paragraph","content":[{"type":"text","text":"item 2"}]},{"type":"bulletList","content":[{"type":"listItem","content":[{"type":"paragraph","content":[{"type":"text","text":"item 3"}]},{"type":"bulletList","content":[{"type":"listItem","content":[{"type":"paragraph","content":[{"type":"text","text":"item 4"}]}]}]}]}]}]},{"type":"listItem","content":[{"type":"paragraph","content":[{"type":"text","text":"item 5"}]}]}]},{"type":"taskList","content":[{"type":"taskItem","attrs":{"checked":false},"content":[{"type":"paragraph","content":[{"type":"text","text":"item 1"}]}]},{"type":"taskItem","attrs":{"checked":false},"content":[{"type":"paragraph","content":[{"type":"text","text":"item 2"}]},{"type":"taskList","content":[{"type":"taskItem","attrs":{"checked":true},"content":[{"type":"paragraph","content":[{"type":"text","text":"item 3"}]},{"type":"taskList","content":[{"type":"taskItem","attrs":{"checked":false},"content":[{"type":"paragraph","content":[{"type":"text","text":"item 4"}]}]}]}]}]}]},{"type":"taskItem","attrs":{"checked":false},"content":[{"type":"paragraph","content":[{"type":"text","text":"item 5"}]}]}]},{"type":"codeBlock","attrs":{"language":"markdown"},"content":[{"type":"text","text":"1.  item 1\\n2.  item 2\\n    1.  item 3\\n        1.  item 4\\n3.  item 5\\n\\n*   item 1\\n*   item 2\\n    *   item 3\\n        *   item 4\\n*   item 5\\n\\n*   [ ] item 1\\n*   [ ] item 2\\n    *   [x] item 3\\n        *   [ ] item 4\\n*   [ ] item 5"}]},{"type":"paragraph","content":[{"type":"image","attrs":{"src":"https://ixk.me/bg.jpg","alt":"","title":""}},{"type":"audio","attrs":{"src":"https://lab.ixk.me/assets/media/Summer.mp3","title":""}}]},{"type":"paragraph","content":[{"type":"video","attrs":{"src":"https://lab.ixk.me/assets/media/movie.mp4","title":""}}]},{"type":"codeBlock","attrs":{"language":"markdown"},"content":[{"type":"text","text":"![](https://ixk.me/bg.jpg)\\n:audio{src=\\"https://lab.ixk.me/assets/media/Summer.mp3\\"}\\n:video{src=\\"https://lab.ixk.me/assets/media/movie.mp4\\"}"}]},{"type":"blockquote","content":[{"type":"paragraph","content":[{"type":"text","text":"blockquote"}]}]},{"type":"codeBlock","attrs":{"language":"javascript"},"content":[{"type":"text","text":"const this = \\"coeeBlock\\";"}]},{"type":"paragraph","content":[{"type":"mathInline","attrs":{"value":"E = mc^2"}}]},{"type":"mathBlock","content":[{"type":"text","text":"E = mc^2"}]},{"type":"horizontalRule"},{"type":"table","content":[{"type":"tableRow","content":[{"type":"tableHeader","attrs":{"colspan":1,"rowspan":1,"colwidth":null},"content":[{"type":"paragraph","content":[{"type":"text","text":"Header"}]}]},{"type":"tableHeader","attrs":{"colspan":1,"rowspan":1,"colwidth":null},"content":[{"type":"paragraph","content":[{"type":"text","text":"Header"}]}]},{"type":"tableHeader","attrs":{"colspan":1,"rowspan":1,"colwidth":null},"content":[{"type":"paragraph","content":[{"type":"text","text":"Header"}]}]}]},{"type":"tableRow","content":[{"type":"tableCell","attrs":{"colspan":1,"rowspan":1,"colwidth":null},"content":[{"type":"paragraph","content":[{"type":"text","text":"Content"}]}]},{"type":"tableCell","attrs":{"colspan":1,"rowspan":1,"colwidth":null},"content":[{"type":"paragraph","content":[{"type":"text","text":"Content"}]}]},{"type":"tableCell","attrs":{"colspan":1,"rowspan":1,"colwidth":null},"content":[{"type":"paragraph"}]}]},{"type":"tableRow","content":[{"type":"tableCell","attrs":{"colspan":1,"rowspan":1,"colwidth":null},"content":[{"type":"paragraph","content":[{"type":"text","text":"Content"}]}]},{"type":"tableCell","attrs":{"colspan":1,"rowspan":1,"colwidth":null},"content":[{"type":"paragraph"}]},{"type":"tableCell","attrs":{"colspan":1,"rowspan":1,"colwidth":null},"content":[{"type":"paragraph"}]}]}]},{"type":"details","attrs":{"open":"","summary":"summary"},"content":[{"type":"paragraph","content":[{"type":"text","text":"content"}]}]},{"type":"diagram","content":[{"type":"text","text":"graph TD;\\n    A --> B;"}]},{"type":"codeBlock","attrs":{"language":"markdown"},"content":[{"type":"text","text":"> blockquote\\n\\n```javascript\\nconst this = \\"coeeBlock\\";\\n```\\n\\n$E = mc^2$\\n\\n$$\\nE = mc^2\\n$$\\n\\n***\\n\\n| Header  | Header  | Header |\\n| ------- | ------- | ------ |\\n| Content | Content |        |\\n| Content |         |        |\\n\\n:::details{open=\\"true\\" summary=\\"summary\\"}\\ncontent\\n:::\\n\\n:::diagram\\ngraph TD;\\n    A --> B;\\n:::"}]},{"type":"embed","attrs":{"src":"https://ixk.me","title":"My Homepage"}},{"type":"embed","attrs":{"src":"https://gist.github.com/syfxlin/bef0c2f70beee99061f1612968a3e085","title":"Weekly development breakdown"}},{"type":"codeBlock","attrs":{"language":"markdown"},"content":[{"type":"text","text":":embed{src=\\"https://ixk.me\\" title=\\"My Homepage\\"}\\n:embed{src=\\"https://gist.github.com/syfxlin/bef0c2f70beee99061f1612968a3e085\\" title=\\"Weekly development breakdown\\"}\\n// default support airtable, codepen, codesandbox, draw.io, gist, google docs, office"}]}]}', '2021-11-29 00:19:20.782614', 20, '619fc3889d5f264f6f32d3d2', '{"cover":"https://images.pexels.com/photos/10278313/pexels-photo-10278313.jpeg"}', 'tada', 'Hello, Hoshi-Note');
INSERT INTO note_history (id, content, save_time, version, note_id, attributes, icon, name) VALUES ('61a3ac4618c9feb51acb7e7a', '{"type":"doc","content":[{"type":"blockquote","content":[{"type":"paragraph","content":[{"type":"text","text":"Hoshi-Note 采用富文本编辑器，是面向个人使用的云笔记系统，基于 Spring Boot 和 React 工具流开发。"}]}]},{"type":"heading","attrs":{"level":2},"content":[{"type":"text","text":"安装 Installation"}]},{"type":"paragraph","content":[{"type":"text","text":"见 Github 仓库里的 README.md"}]},{"type":"heading","attrs":{"level":2},"content":[{"type":"text","text":"包含的扩展 Included extensions"}]},{"type":"heading","attrs":{"level":3},"content":[{"type":"text","text":"Extensions"}]},{"type":"bulletList","content":[{"type":"listItem","content":[{"type":"paragraph","content":[{"type":"text","text":"BlockMenu*：块菜单，也称为斜杠菜单，通过 ''/'' 字符开启菜单，用于添加 nodes。"}]}]},{"type":"listItem","content":[{"type":"paragraph","content":[{"type":"text","text":"FloatMenu*：浮动菜单，选中文本开启菜单，用于将 marks 应用到文本。"}]}]},{"type":"listItem","content":[{"type":"paragraph","content":[{"type":"text","text":"Clipboard*：剪贴板扩展，用于解析粘贴的 Markdown 内容，同时在复制时将内容序列化为 Markdown。"}]}]},{"type":"listItem","content":[{"type":"paragraph","content":[{"type":"text","text":"Markdown*：Markdown 扩展，提供 Markdown 解析器和序列化器，使用 "},{"type":"text","marks":[{"type":"link","attrs":{"href":"https://github.com/remarkjs/remark","target":"_blank"}}],"text":"remark"},{"type":"text","text":" 处理 Markdown 语法。"}]}]},{"type":"listItem","content":[{"type":"paragraph","content":[{"type":"text","text":"DropCursor"}]}]},{"type":"listItem","content":[{"type":"paragraph","content":[{"type":"text","text":"GapCursor"}]}]},{"type":"listItem","content":[{"type":"paragraph","content":[{"type":"text","text":"History"}]}]}]},{"type":"heading","attrs":{"level":3},"content":[{"type":"text","text":"Nodes"}]},{"type":"bulletList","content":[{"type":"listItem","content":[{"type":"paragraph","content":[{"type":"text","text":"Emoji*：表情扩展，将 Gemoji 解析为对应 Unicode 字符，同时提供了搜索、选择表情的功能，使用 ''::'' 打开。"}]}]},{"type":"listItem","content":[{"type":"paragraph","content":[{"type":"text","text":"MathInline*：行内公式，提供渲染 "},{"type":"text","marks":[{"type":"link","attrs":{"href":"https://katex.org/","target":"_blank"}}],"text":"Katex"},{"type":"text","text":" 公式的功能。"}]}]},{"type":"listItem","content":[{"type":"paragraph","content":[{"type":"text","text":"MathBlock*：公式块，提供渲染 "},{"type":"text","marks":[{"type":"link","attrs":{"href":"https://katex.org/","target":"_blank"}}],"text":"Katex"},{"type":"text","text":" 公式的功能。"}]}]},{"type":"listItem","content":[{"type":"paragraph","content":[{"type":"text","text":"Diagram*：图表块，提供渲染 "},{"type":"text","marks":[{"type":"link","attrs":{"href":"https://mermaid-js.github.io/mermaid/#/","target":"_blank"}}],"text":"Mermaid"},{"type":"text","text":" 图标的功能。"}]}]},{"type":"listItem","content":[{"type":"paragraph","content":[{"type":"text","text":"Audio*：音频块。"}]}]},{"type":"listItem","content":[{"type":"paragraph","content":[{"type":"text","text":"Video*：视频块。"}]}]},{"type":"listItem","content":[{"type":"paragraph","content":[{"type":"text","text":"Details*：折叠内容块。"}]}]},{"type":"listItem","content":[{"type":"paragraph","content":[{"type":"text","text":"Embed*：嵌入块，提供嵌入网页的功能。"}]}]},{"type":"listItem","content":[{"type":"paragraph","content":[{"type":"text","text":"Document"}]}]},{"type":"listItem","content":[{"type":"paragraph","content":[{"type":"text","text":"Paragraph"}]}]},{"type":"listItem","content":[{"type":"paragraph","content":[{"type":"text","text":"Text"}]}]},{"type":"listItem","content":[{"type":"paragraph","content":[{"type":"text","text":"Blockquote"}]}]},{"type":"listItem","content":[{"type":"paragraph","content":[{"type":"text","text":"BulletList"}]}]},{"type":"listItem","content":[{"type":"paragraph","content":[{"type":"text","text":"ListItem"}]}]},{"type":"listItem","content":[{"type":"paragraph","content":[{"type":"text","text":"CodeBlock：添加选择语言的功能"}]}]},{"type":"listItem","content":[{"type":"paragraph","content":[{"type":"text","text":"HardBreak"}]}]},{"type":"listItem","content":[{"type":"paragraph","content":[{"type":"text","text":"Heading"}]}]},{"type":"listItem","content":[{"type":"paragraph","content":[{"type":"text","text":"HorizontalRule"}]}]},{"type":"listItem","content":[{"type":"paragraph","content":[{"type":"text","text":"Image：添加了浮动的修改框"}]}]},{"type":"listItem","content":[{"type":"paragraph","content":[{"type":"text","text":"OrderedList"}]}]},{"type":"listItem","content":[{"type":"paragraph","content":[{"type":"text","text":"Table：添加了浮动的操作菜单"}]}]},{"type":"listItem","content":[{"type":"paragraph","content":[{"type":"text","text":"TableCell"}]}]},{"type":"listItem","content":[{"type":"paragraph","content":[{"type":"text","text":"TableHeader"}]}]},{"type":"listItem","content":[{"type":"paragraph","content":[{"type":"text","text":"TableRow"}]}]},{"type":"listItem","content":[{"type":"paragraph","content":[{"type":"text","text":"TaskList"}]}]},{"type":"listItem","content":[{"type":"paragraph","content":[{"type":"text","text":"TaskItem"}]}]}]},{"type":"heading","attrs":{"level":3},"content":[{"type":"text","text":"Marks"}]},{"type":"bulletList","content":[{"type":"listItem","content":[{"type":"paragraph","content":[{"type":"text","text":"Bold"}]}]},{"type":"listItem","content":[{"type":"paragraph","content":[{"type":"text","text":"Code"}]}]},{"type":"listItem","content":[{"type":"paragraph","content":[{"type":"text","text":"Highlight"}]}]},{"type":"listItem","content":[{"type":"paragraph","content":[{"type":"text","text":"Italic"}]}]},{"type":"listItem","content":[{"type":"paragraph","content":[{"type":"text","text":"Link：添加了浮动的修改框"}]}]},{"type":"listItem","content":[{"type":"paragraph","content":[{"type":"text","text":"Strike"}]}]}]},{"type":"heading","attrs":{"level":1},"content":[{"type":"text","text":"Heading 1"}]},{"type":"heading","attrs":{"level":2},"content":[{"type":"text","text":"Heading 2"}]},{"type":"heading","attrs":{"level":3},"content":[{"type":"text","text":"Heading 3"}]},{"type":"heading","attrs":{"level":4},"content":[{"type":"text","text":"Heading 4"}]},{"type":"heading","attrs":{"level":5},"content":[{"type":"text","text":"Heading 5"}]},{"type":"heading","attrs":{"level":6},"content":[{"type":"text","text":"Heading 6"}]},{"type":"codeBlock","attrs":{"language":"markdown"},"content":[{"type":"text","text":"# heading 1\\n## heading 2\\n### heading 3\\n#### heading 4\\n##### heading 5\\n###### heading 6"}]},{"type":"paragraph","content":[{"type":"text","marks":[{"type":"bold"}],"text":"bold"},{"type":"text","text":" "},{"type":"text","marks":[{"type":"code"}],"text":"code"},{"type":"text","text":" "},{"type":"text","marks":[{"type":"italic"}],"text":"italic"},{"type":"text","text":" "},{"type":"text","marks":[{"type":"link","attrs":{"href":"https://github.com/syfxlin/tiptap-starter-kit","target":"_blank"}}],"text":"link"},{"type":"text","text":" "},{"type":"text","marks":[{"type":"strike"}],"text":"strike"},{"type":"text","text":" "},{"type":"text","marks":[{"type":"highlight"}],"text":"highlight"}]},{"type":"codeBlock","attrs":{"language":"markdown"},"content":[{"type":"text","text":"**bold** `code` *italic* [link](https://github.com/syfxlin/tiptap-starter-kit)"}]},{"type":"orderedList","attrs":{"start":1},"content":[{"type":"listItem","content":[{"type":"paragraph","content":[{"type":"text","text":"item 1"}]}]},{"type":"listItem","content":[{"type":"paragraph","content":[{"type":"text","text":"item 2"}]},{"type":"orderedList","attrs":{"start":1},"content":[{"type":"listItem","content":[{"type":"paragraph","content":[{"type":"text","text":"item 3"}]},{"type":"orderedList","attrs":{"start":1},"content":[{"type":"listItem","content":[{"type":"paragraph","content":[{"type":"text","text":"item 4"}]}]}]}]}]}]},{"type":"listItem","content":[{"type":"paragraph","content":[{"type":"text","text":"item 5"}]}]}]},{"type":"bulletList","content":[{"type":"listItem","content":[{"type":"paragraph","content":[{"type":"text","text":"item 1"}]}]},{"type":"listItem","content":[{"type":"paragraph","content":[{"type":"text","text":"item 2"}]},{"type":"bulletList","content":[{"type":"listItem","content":[{"type":"paragraph","content":[{"type":"text","text":"item 3"}]},{"type":"bulletList","content":[{"type":"listItem","content":[{"type":"paragraph","content":[{"type":"text","text":"item 4"}]}]}]}]}]}]},{"type":"listItem","content":[{"type":"paragraph","content":[{"type":"text","text":"item 5"}]}]}]},{"type":"taskList","content":[{"type":"taskItem","attrs":{"checked":false},"content":[{"type":"paragraph","content":[{"type":"text","text":"item 1"}]}]},{"type":"taskItem","attrs":{"checked":false},"content":[{"type":"paragraph","content":[{"type":"text","text":"item 2"}]},{"type":"taskList","content":[{"type":"taskItem","attrs":{"checked":true},"content":[{"type":"paragraph","content":[{"type":"text","text":"item 3"}]},{"type":"taskList","content":[{"type":"taskItem","attrs":{"checked":false},"content":[{"type":"paragraph","content":[{"type":"text","text":"item 4"}]}]}]}]}]}]},{"type":"taskItem","attrs":{"checked":false},"content":[{"type":"paragraph","content":[{"type":"text","text":"item 5"}]}]}]},{"type":"codeBlock","attrs":{"language":"markdown"},"content":[{"type":"text","text":"1.  item 1\\n2.  item 2\\n    1.  item 3\\n        1.  item 4\\n3.  item 5\\n\\n*   item 1\\n*   item 2\\n    *   item 3\\n        *   item 4\\n*   item 5\\n\\n*   [ ] item 1\\n*   [ ] item 2\\n    *   [x] item 3\\n        *   [ ] item 4\\n*   [ ] item 5"}]},{"type":"paragraph","content":[{"type":"image","attrs":{"src":"https://ixk.me/bg.jpg","alt":"","title":""}},{"type":"audio","attrs":{"src":"https://lab.ixk.me/assets/media/Summer.mp3","title":""}}]},{"type":"paragraph","content":[{"type":"video","attrs":{"src":"https://lab.ixk.me/assets/media/movie.mp4","title":""}}]},{"type":"codeBlock","attrs":{"language":"markdown"},"content":[{"type":"text","text":"![](https://ixk.me/bg.jpg)\\n:audio{src=\\"https://lab.ixk.me/assets/media/Summer.mp3\\"}\\n:video{src=\\"https://lab.ixk.me/assets/media/movie.mp4\\"}"}]},{"type":"blockquote","content":[{"type":"paragraph","content":[{"type":"text","text":"blockquote"}]}]},{"type":"codeBlock","attrs":{"language":"javascript"},"content":[{"type":"text","text":"const this = \\"coeeBlock\\";"}]},{"type":"paragraph","content":[{"type":"mathInline","attrs":{"value":"E = mc^2"}}]},{"type":"mathBlock","content":[{"type":"text","text":"E = mc^2"}]},{"type":"horizontalRule"},{"type":"table","content":[{"type":"tableRow","content":[{"type":"tableHeader","attrs":{"colspan":1,"rowspan":1,"colwidth":null},"content":[{"type":"paragraph","content":[{"type":"text","text":"Header"}]}]},{"type":"tableHeader","attrs":{"colspan":1,"rowspan":1,"colwidth":null},"content":[{"type":"paragraph","content":[{"type":"text","text":"Header"}]}]},{"type":"tableHeader","attrs":{"colspan":1,"rowspan":1,"colwidth":null},"content":[{"type":"paragraph","content":[{"type":"text","text":"Header"}]}]}]},{"type":"tableRow","content":[{"type":"tableCell","attrs":{"colspan":1,"rowspan":1,"colwidth":null},"content":[{"type":"paragraph","content":[{"type":"text","text":"Content"}]}]},{"type":"tableCell","attrs":{"colspan":1,"rowspan":1,"colwidth":null},"content":[{"type":"paragraph","content":[{"type":"text","text":"Content"}]}]},{"type":"tableCell","attrs":{"colspan":1,"rowspan":1,"colwidth":null},"content":[{"type":"paragraph"}]}]},{"type":"tableRow","content":[{"type":"tableCell","attrs":{"colspan":1,"rowspan":1,"colwidth":null},"content":[{"type":"paragraph","content":[{"type":"text","text":"Content"}]}]},{"type":"tableCell","attrs":{"colspan":1,"rowspan":1,"colwidth":null},"content":[{"type":"paragraph"}]},{"type":"tableCell","attrs":{"colspan":1,"rowspan":1,"colwidth":null},"content":[{"type":"paragraph"}]}]}]},{"type":"details","attrs":{"open":"","summary":"summary"},"content":[{"type":"paragraph","content":[{"type":"text","text":"content"}]}]},{"type":"diagram","content":[{"type":"text","text":"graph TD;\\n    A --> B;"}]},{"type":"codeBlock","attrs":{"language":"markdown"},"content":[{"type":"text","text":"> blockquote\\n\\n```javascript\\nconst this = \\"coeeBlock\\";\\n```\\n\\n$E = mc^2$\\n\\n$$\\nE = mc^2\\n$$\\n\\n***\\n\\n| Header  | Header  | Header |\\n| ------- | ------- | ------ |\\n| Content | Content |        |\\n| Content |         |        |\\n\\n:::details{open=\\"true\\" summary=\\"summary\\"}\\ncontent\\n:::\\n\\n:::diagram\\ngraph TD;\\n    A --> B;\\n:::"}]},{"type":"embed","attrs":{"src":"https://ixk.me","title":"My Homepage"}},{"type":"embed","attrs":{"src":"https://gist.github.com/syfxlin/bef0c2f70beee99061f1612968a3e085","title":"Weekly development breakdown"}},{"type":"codeBlock","attrs":{"language":"markdown"},"content":[{"type":"text","text":":embed{src=\\"https://ixk.me\\" title=\\"My Homepage\\"}\\n:embed{src=\\"https://gist.github.com/syfxlin/bef0c2f70beee99061f1612968a3e085\\" title=\\"Weekly development breakdown\\"}\\n// default support airtable, codepen, codesandbox, draw.io, gist, google docs, office"}]}]}', '2021-11-29 00:20:22.589352', 21, '619fc3889d5f264f6f32d3d2', '{"cover":"https://images.pexels.com/photos/10278313/pexels-photo-10278313.jpeg"}', 'tada', 'Hello, Hoshi-Note');
INSERT INTO note_history (id, content, save_time, version, note_id, attributes, icon, name) VALUES ('61a3ac6218c9feb51acb7e7b', '{"type":"doc","content":[{"type":"blockquote","content":[{"type":"paragraph","content":[{"type":"text","text":"Hoshi-Note 采用富文本编辑器，是面向个人使用的云笔记系统，基于 Spring Boot 和 React 工具流开发。"}]}]},{"type":"heading","attrs":{"level":3},"content":[{"type":"text","text":"Extensions"}]},{"type":"bulletList","content":[{"type":"listItem","content":[{"type":"paragraph","content":[{"type":"text","text":"BlockMenu*：块菜单，也称为斜杠菜单，通过 ''/'' 字符开启菜单，用于添加 nodes。"}]}]},{"type":"listItem","content":[{"type":"paragraph","content":[{"type":"text","text":"FloatMenu*：浮动菜单，选中文本开启菜单，用于将 marks 应用到文本。"}]}]},{"type":"listItem","content":[{"type":"paragraph","content":[{"type":"text","text":"Clipboard*：剪贴板扩展，用于解析粘贴的 Markdown 内容，同时在复制时将内容序列化为 Markdown。"}]}]},{"type":"listItem","content":[{"type":"paragraph","content":[{"type":"text","text":"Markdown*：Markdown 扩展，提供 Markdown 解析器和序列化器，使用 "},{"type":"text","marks":[{"type":"link","attrs":{"href":"https://github.com/remarkjs/remark","target":"_blank"}}],"text":"remark"},{"type":"text","text":" 处理 Markdown 语法。"}]}]},{"type":"listItem","content":[{"type":"paragraph","content":[{"type":"text","text":"DropCursor"}]}]},{"type":"listItem","content":[{"type":"paragraph","content":[{"type":"text","text":"GapCursor"}]}]},{"type":"listItem","content":[{"type":"paragraph","content":[{"type":"text","text":"History"}]}]}]},{"type":"heading","attrs":{"level":3},"content":[{"type":"text","text":"Nodes"}]},{"type":"bulletList","content":[{"type":"listItem","content":[{"type":"paragraph","content":[{"type":"text","text":"Emoji*：表情扩展，将 Gemoji 解析为对应 Unicode 字符，同时提供了搜索、选择表情的功能，使用 ''::'' 打开。"}]}]},{"type":"listItem","content":[{"type":"paragraph","content":[{"type":"text","text":"MathInline*：行内公式，提供渲染 "},{"type":"text","marks":[{"type":"link","attrs":{"href":"https://katex.org/","target":"_blank"}}],"text":"Katex"},{"type":"text","text":" 公式的功能。"}]}]},{"type":"listItem","content":[{"type":"paragraph","content":[{"type":"text","text":"MathBlock*：公式块，提供渲染 "},{"type":"text","marks":[{"type":"link","attrs":{"href":"https://katex.org/","target":"_blank"}}],"text":"Katex"},{"type":"text","text":" 公式的功能。"}]}]},{"type":"listItem","content":[{"type":"paragraph","content":[{"type":"text","text":"Diagram*：图表块，提供渲染 "},{"type":"text","marks":[{"type":"link","attrs":{"href":"https://mermaid-js.github.io/mermaid/#/","target":"_blank"}}],"text":"Mermaid"},{"type":"text","text":" 图标的功能。"}]}]},{"type":"listItem","content":[{"type":"paragraph","content":[{"type":"text","text":"Audio*：音频块。"}]}]},{"type":"listItem","content":[{"type":"paragraph","content":[{"type":"text","text":"Video*：视频块。"}]}]},{"type":"listItem","content":[{"type":"paragraph","content":[{"type":"text","text":"Details*：折叠内容块。"}]}]},{"type":"listItem","content":[{"type":"paragraph","content":[{"type":"text","text":"Embed*：嵌入块，提供嵌入网页的功能。"}]}]},{"type":"listItem","content":[{"type":"paragraph","content":[{"type":"text","text":"Document"}]}]},{"type":"listItem","content":[{"type":"paragraph","content":[{"type":"text","text":"Paragraph"}]}]},{"type":"listItem","content":[{"type":"paragraph","content":[{"type":"text","text":"Text"}]}]},{"type":"listItem","content":[{"type":"paragraph","content":[{"type":"text","text":"Blockquote"}]}]},{"type":"listItem","content":[{"type":"paragraph","content":[{"type":"text","text":"BulletList"}]}]},{"type":"listItem","content":[{"type":"paragraph","content":[{"type":"text","text":"ListItem"}]}]},{"type":"listItem","content":[{"type":"paragraph","content":[{"type":"text","text":"CodeBlock：添加选择语言的功能"}]}]},{"type":"listItem","content":[{"type":"paragraph","content":[{"type":"text","text":"HardBreak"}]}]},{"type":"listItem","content":[{"type":"paragraph","content":[{"type":"text","text":"Heading"}]}]},{"type":"listItem","content":[{"type":"paragraph","content":[{"type":"text","text":"HorizontalRule"}]}]},{"type":"listItem","content":[{"type":"paragraph","content":[{"type":"text","text":"Image：添加了浮动的修改框"}]}]},{"type":"listItem","content":[{"type":"paragraph","content":[{"type":"text","text":"OrderedList"}]}]},{"type":"listItem","content":[{"type":"paragraph","content":[{"type":"text","text":"Table：添加了浮动的操作菜单"}]}]},{"type":"listItem","content":[{"type":"paragraph","content":[{"type":"text","text":"TableCell"}]}]},{"type":"listItem","content":[{"type":"paragraph","content":[{"type":"text","text":"TableHeader"}]}]},{"type":"listItem","content":[{"type":"paragraph","content":[{"type":"text","text":"TableRow"}]}]},{"type":"listItem","content":[{"type":"paragraph","content":[{"type":"text","text":"TaskList"}]}]},{"type":"listItem","content":[{"type":"paragraph","content":[{"type":"text","text":"TaskItem"}]}]}]},{"type":"heading","attrs":{"level":3},"content":[{"type":"text","text":"Marks"}]},{"type":"bulletList","content":[{"type":"listItem","content":[{"type":"paragraph","content":[{"type":"text","text":"Bold"}]}]},{"type":"listItem","content":[{"type":"paragraph","content":[{"type":"text","text":"Code"}]}]},{"type":"listItem","content":[{"type":"paragraph","content":[{"type":"text","text":"Highlight"}]}]},{"type":"listItem","content":[{"type":"paragraph","content":[{"type":"text","text":"Italic"}]}]},{"type":"listItem","content":[{"type":"paragraph","content":[{"type":"text","text":"Link：添加了浮动的修改框"}]}]},{"type":"listItem","content":[{"type":"paragraph","content":[{"type":"text","text":"Strike"}]}]}]},{"type":"heading","attrs":{"level":1},"content":[{"type":"text","text":"Heading 1"}]},{"type":"heading","attrs":{"level":2},"content":[{"type":"text","text":"Heading 2"}]},{"type":"heading","attrs":{"level":3},"content":[{"type":"text","text":"Heading 3"}]},{"type":"heading","attrs":{"level":4},"content":[{"type":"text","text":"Heading 4"}]},{"type":"heading","attrs":{"level":5},"content":[{"type":"text","text":"Heading 5"}]},{"type":"heading","attrs":{"level":6},"content":[{"type":"text","text":"Heading 6"}]},{"type":"codeBlock","attrs":{"language":"markdown"},"content":[{"type":"text","text":"# heading 1\\n## heading 2\\n### heading 3\\n#### heading 4\\n##### heading 5\\n###### heading 6"}]},{"type":"paragraph","content":[{"type":"text","marks":[{"type":"bold"}],"text":"bold"},{"type":"text","text":" "},{"type":"text","marks":[{"type":"code"}],"text":"code"},{"type":"text","text":" "},{"type":"text","marks":[{"type":"italic"}],"text":"italic"},{"type":"text","text":" "},{"type":"text","marks":[{"type":"link","attrs":{"href":"https://github.com/syfxlin/tiptap-starter-kit","target":"_blank"}}],"text":"link"},{"type":"text","text":" "},{"type":"text","marks":[{"type":"strike"}],"text":"strike"},{"type":"text","text":" "},{"type":"text","marks":[{"type":"highlight"}],"text":"highlight"}]},{"type":"codeBlock","attrs":{"language":"markdown"},"content":[{"type":"text","text":"**bold** `code` *italic* [link](https://github.com/syfxlin/tiptap-starter-kit)"}]},{"type":"orderedList","attrs":{"start":1},"content":[{"type":"listItem","content":[{"type":"paragraph","content":[{"type":"text","text":"item 1"}]}]},{"type":"listItem","content":[{"type":"paragraph","content":[{"type":"text","text":"item 2"}]},{"type":"orderedList","attrs":{"start":1},"content":[{"type":"listItem","content":[{"type":"paragraph","content":[{"type":"text","text":"item 3"}]},{"type":"orderedList","attrs":{"start":1},"content":[{"type":"listItem","content":[{"type":"paragraph","content":[{"type":"text","text":"item 4"}]}]}]}]}]}]},{"type":"listItem","content":[{"type":"paragraph","content":[{"type":"text","text":"item 5"}]}]}]},{"type":"bulletList","content":[{"type":"listItem","content":[{"type":"paragraph","content":[{"type":"text","text":"item 1"}]}]},{"type":"listItem","content":[{"type":"paragraph","content":[{"type":"text","text":"item 2"}]},{"type":"bulletList","content":[{"type":"listItem","content":[{"type":"paragraph","content":[{"type":"text","text":"item 3"}]},{"type":"bulletList","content":[{"type":"listItem","content":[{"type":"paragraph","content":[{"type":"text","text":"item 4"}]}]}]}]}]}]},{"type":"listItem","content":[{"type":"paragraph","content":[{"type":"text","text":"item 5"}]}]}]},{"type":"taskList","content":[{"type":"taskItem","attrs":{"checked":false},"content":[{"type":"paragraph","content":[{"type":"text","text":"item 1"}]}]},{"type":"taskItem","attrs":{"checked":false},"content":[{"type":"paragraph","content":[{"type":"text","text":"item 2"}]},{"type":"taskList","content":[{"type":"taskItem","attrs":{"checked":true},"content":[{"type":"paragraph","content":[{"type":"text","text":"item 3"}]},{"type":"taskList","content":[{"type":"taskItem","attrs":{"checked":false},"content":[{"type":"paragraph","content":[{"type":"text","text":"item 4"}]}]}]}]}]}]},{"type":"taskItem","attrs":{"checked":false},"content":[{"type":"paragraph","content":[{"type":"text","text":"item 5"}]}]}]},{"type":"codeBlock","attrs":{"language":"markdown"},"content":[{"type":"text","text":"1.  item 1\\n2.  item 2\\n    1.  item 3\\n        1.  item 4\\n3.  item 5\\n\\n*   item 1\\n*   item 2\\n    *   item 3\\n        *   item 4\\n*   item 5\\n\\n*   [ ] item 1\\n*   [ ] item 2\\n    *   [x] item 3\\n        *   [ ] item 4\\n*   [ ] item 5"}]},{"type":"paragraph","content":[{"type":"image","attrs":{"src":"https://ixk.me/bg.jpg","alt":"","title":""}},{"type":"audio","attrs":{"src":"https://lab.ixk.me/assets/media/Summer.mp3","title":""}}]},{"type":"paragraph","content":[{"type":"video","attrs":{"src":"https://lab.ixk.me/assets/media/movie.mp4","title":""}}]},{"type":"codeBlock","attrs":{"language":"markdown"},"content":[{"type":"text","text":"![](https://ixk.me/bg.jpg)\\n:audio{src=\\"https://lab.ixk.me/assets/media/Summer.mp3\\"}\\n:video{src=\\"https://lab.ixk.me/assets/media/movie.mp4\\"}"}]},{"type":"blockquote","content":[{"type":"paragraph","content":[{"type":"text","text":"blockquote"}]}]},{"type":"codeBlock","attrs":{"language":"javascript"},"content":[{"type":"text","text":"const this = \\"coeeBlock\\";"}]},{"type":"paragraph","content":[{"type":"mathInline","attrs":{"value":"E = mc^2"}}]},{"type":"mathBlock","content":[{"type":"text","text":"E = mc^2"}]},{"type":"horizontalRule"},{"type":"table","content":[{"type":"tableRow","content":[{"type":"tableHeader","attrs":{"colspan":1,"rowspan":1,"colwidth":null},"content":[{"type":"paragraph","content":[{"type":"text","text":"Header"}]}]},{"type":"tableHeader","attrs":{"colspan":1,"rowspan":1,"colwidth":null},"content":[{"type":"paragraph","content":[{"type":"text","text":"Header"}]}]},{"type":"tableHeader","attrs":{"colspan":1,"rowspan":1,"colwidth":null},"content":[{"type":"paragraph","content":[{"type":"text","text":"Header"}]}]}]},{"type":"tableRow","content":[{"type":"tableCell","attrs":{"colspan":1,"rowspan":1,"colwidth":null},"content":[{"type":"paragraph","content":[{"type":"text","text":"Content"}]}]},{"type":"tableCell","attrs":{"colspan":1,"rowspan":1,"colwidth":null},"content":[{"type":"paragraph","content":[{"type":"text","text":"Content"}]}]},{"type":"tableCell","attrs":{"colspan":1,"rowspan":1,"colwidth":null},"content":[{"type":"paragraph"}]}]},{"type":"tableRow","content":[{"type":"tableCell","attrs":{"colspan":1,"rowspan":1,"colwidth":null},"content":[{"type":"paragraph","content":[{"type":"text","text":"Content"}]}]},{"type":"tableCell","attrs":{"colspan":1,"rowspan":1,"colwidth":null},"content":[{"type":"paragraph"}]},{"type":"tableCell","attrs":{"colspan":1,"rowspan":1,"colwidth":null},"content":[{"type":"paragraph"}]}]}]},{"type":"details","attrs":{"open":"","summary":"summary"},"content":[{"type":"paragraph","content":[{"type":"text","text":"content"}]}]},{"type":"diagram","content":[{"type":"text","text":"graph TD;\\n    A --> B;"}]},{"type":"codeBlock","attrs":{"language":"markdown"},"content":[{"type":"text","text":"> blockquote\\n\\n```javascript\\nconst this = \\"coeeBlock\\";\\n```\\n\\n$E = mc^2$\\n\\n$$\\nE = mc^2\\n$$\\n\\n***\\n\\n| Header  | Header  | Header |\\n| ------- | ------- | ------ |\\n| Content | Content |        |\\n| Content |         |        |\\n\\n:::details{open=\\"true\\" summary=\\"summary\\"}\\ncontent\\n:::\\n\\n:::diagram\\ngraph TD;\\n    A --> B;\\n:::"}]},{"type":"embed","attrs":{"src":"https://ixk.me","title":"My Homepage"}},{"type":"embed","attrs":{"src":"https://gist.github.com/syfxlin/bef0c2f70beee99061f1612968a3e085","title":"Weekly development breakdown"}},{"type":"codeBlock","attrs":{"language":"markdown"},"content":[{"type":"text","text":":embed{src=\\"https://ixk.me\\" title=\\"My Homepage\\"}\\n:embed{src=\\"https://gist.github.com/syfxlin/bef0c2f70beee99061f1612968a3e085\\" title=\\"Weekly development breakdown\\"}\\n// default support airtable, codepen, codesandbox, draw.io, gist, google docs, office"}]}]}', '2021-11-29 00:20:50.728494', 22, '619fc3889d5f264f6f32d3d2', '{"cover":"https://images.pexels.com/photos/10278313/pexels-photo-10278313.jpeg"}', 'tada', 'Hello, Hoshi-Note');
INSERT INTO note_history (id, content, save_time, version, note_id, attributes, icon, name) VALUES ('61a3ae2018c9feb51acb7e7c', '{"type":"doc","content":[{"type":"blockquote","content":[{"type":"paragraph","content":[{"type":"text","text":"Hoshi-Note 采用富文本编辑器，是面向个人使用的云笔记系统，基于 Spring Boot 和 React 工具流开发。"}]}]},{"type":"heading","attrs":{"level":3},"content":[{"type":"text","text":"编辑器支持的功能"}]},{"type":"bulletList","content":[{"type":"listItem","content":[{"type":"paragraph","content":[{"type":"text","text":"BlockMenu：块菜单，也称为斜杠菜单，通过 ''/'' 字符开启菜单，用于添加 nodes。"}]}]},{"type":"listItem","content":[{"type":"paragraph","content":[{"type":"text","text":"FloatMenu：浮动菜单，选中文本开启菜单，用于将 marks 应用到文本。"}]}]},{"type":"listItem","content":[{"type":"paragraph","content":[{"type":"text","text":"Clipboard：剪贴板扩展，用于解析粘贴的 Markdown 内容，同时在复制时将内容序列化为 Markdown。"}]}]},{"type":"listItem","content":[{"type":"paragraph","content":[{"type":"text","text":"Markdown：Markdown 扩展，提供 Markdown 解析器和序列化器，使用 "},{"type":"text","marks":[{"type":"link","attrs":{"href":"https://github.com/remarkjs/remark","target":"_blank"}}],"text":"remark"},{"type":"text","text":" 处理 Markdown 语法。"}]}]},{"type":"listItem","content":[{"type":"paragraph","content":[{"type":"text","text":"DropCursor：拖放内容。"}]}]},{"type":"listItem","content":[{"type":"paragraph","content":[{"type":"text","text":"History：撤销重做。"}]}]},{"type":"listItem","content":[{"type":"paragraph","content":[{"type":"text","text":"Emoji：表情扩展，将 Gemoji 解析为对应 Unicode 字符，同时提供了搜索、选择表情的功能，使用 ''::'' 打开。"}]}]},{"type":"listItem","content":[{"type":"paragraph","content":[{"type":"text","text":"MathInline：行内公式，提供渲染 "},{"type":"text","marks":[{"type":"link","attrs":{"href":"https://katex.org/","target":"_blank"}}],"text":"Katex"},{"type":"text","text":" 公式的功能。"}]}]},{"type":"listItem","content":[{"type":"paragraph","content":[{"type":"text","text":"MathBlock：公式块，提供渲染 "},{"type":"text","marks":[{"type":"link","attrs":{"href":"https://katex.org/","target":"_blank"}}],"text":"Katex"},{"type":"text","text":" 公式的功能。"}]}]},{"type":"listItem","content":[{"type":"paragraph","content":[{"type":"text","text":"Diagram：图表块，提供渲染 "},{"type":"text","marks":[{"type":"link","attrs":{"href":"https://mermaid-js.github.io/mermaid/#/","target":"_blank"}}],"text":"Mermaid"},{"type":"text","text":" 图标的功能。"}]}]},{"type":"listItem","content":[{"type":"paragraph","content":[{"type":"text","text":"Audio：音频块，用于插入音频。"}]}]},{"type":"listItem","content":[{"type":"paragraph","content":[{"type":"text","text":"Video：视频块，用于插入视频。"}]}]},{"type":"listItem","content":[{"type":"paragraph","content":[{"type":"text","text":"Details*：折叠内容块，可以作为隐藏内容，在回忆时查看。"}]}]},{"type":"listItem","content":[{"type":"paragraph","content":[{"type":"text","text":"Embed：嵌入块，提供嵌入网页的功能。"}]}]},{"type":"listItem","content":[{"type":"paragraph","content":[{"type":"text","text":"Blockquote：引用块。"}]}]},{"type":"listItem","content":[{"type":"paragraph","content":[{"type":"text","text":"BulletList：无序列表。"}]}]},{"type":"listItem","content":[{"type":"paragraph","content":[{"type":"text","text":"CodeBlock：代码块，拥有选择语言的功能。"}]}]},{"type":"listItem","content":[{"type":"paragraph","content":[{"type":"text","text":"Heading：标题快。"}]}]},{"type":"listItem","content":[{"type":"paragraph","content":[{"type":"text","text":"HorizontalRule：分隔线。"}]}]},{"type":"listItem","content":[{"type":"paragraph","content":[{"type":"text","text":"Image：图片块，支持上传。"}]}]},{"type":"listItem","content":[{"type":"paragraph","content":[{"type":"text","text":"OrderedList：有序列表。"}]}]},{"type":"listItem","content":[{"type":"paragraph","content":[{"type":"text","text":"Table：表格块，支持动态修改行列。"}]}]},{"type":"listItem","content":[{"type":"paragraph","content":[{"type":"text","text":"TaskList：任务列表。"}]}]},{"type":"listItem","content":[{"type":"paragraph","content":[{"type":"text","text":"Bold：加粗。"}]}]},{"type":"listItem","content":[{"type":"paragraph","content":[{"type":"text","text":"Code：行内代码。"}]}]},{"type":"listItem","content":[{"type":"paragraph","content":[{"type":"text","text":"Highlight：文本高亮。"}]}]},{"type":"listItem","content":[{"type":"paragraph","content":[{"type":"text","text":"Italic：斜体。"}]}]},{"type":"listItem","content":[{"type":"paragraph","content":[{"type":"text","text":"Link：链接。"}]}]},{"type":"listItem","content":[{"type":"paragraph","content":[{"type":"text","text":"Strike：删除线。"}]}]}]},{"type":"heading","attrs":{"level":1},"content":[{"type":"text","text":"Heading 1"}]},{"type":"heading","attrs":{"level":2},"content":[{"type":"text","text":"Heading 2"}]},{"type":"heading","attrs":{"level":3},"content":[{"type":"text","text":"Heading 3"}]},{"type":"heading","attrs":{"level":4},"content":[{"type":"text","text":"Heading 4"}]},{"type":"heading","attrs":{"level":5},"content":[{"type":"text","text":"Heading 5"}]},{"type":"heading","attrs":{"level":6},"content":[{"type":"text","text":"Heading 6"}]},{"type":"codeBlock","attrs":{"language":"markdown"},"content":[{"type":"text","text":"# heading 1\\n## heading 2\\n### heading 3\\n#### heading 4\\n##### heading 5\\n###### heading 6"}]},{"type":"paragraph","content":[{"type":"text","marks":[{"type":"bold"}],"text":"bold"},{"type":"text","text":" "},{"type":"text","marks":[{"type":"code"}],"text":"code"},{"type":"text","text":" "},{"type":"text","marks":[{"type":"italic"}],"text":"italic"},{"type":"text","text":" "},{"type":"text","marks":[{"type":"link","attrs":{"href":"https://github.com/syfxlin/tiptap-starter-kit","target":"_blank"}}],"text":"link"},{"type":"text","text":" "},{"type":"text","marks":[{"type":"strike"}],"text":"strike"},{"type":"text","text":" "},{"type":"text","marks":[{"type":"highlight"}],"text":"highlight"}]},{"type":"codeBlock","attrs":{"language":"markdown"},"content":[{"type":"text","text":"**bold** `code` *italic* [link](https://github.com/syfxlin/tiptap-starter-kit)"}]},{"type":"orderedList","attrs":{"start":1},"content":[{"type":"listItem","content":[{"type":"paragraph","content":[{"type":"text","text":"item 1"}]}]},{"type":"listItem","content":[{"type":"paragraph","content":[{"type":"text","text":"item 2"}]},{"type":"orderedList","attrs":{"start":1},"content":[{"type":"listItem","content":[{"type":"paragraph","content":[{"type":"text","text":"item 3"}]},{"type":"orderedList","attrs":{"start":1},"content":[{"type":"listItem","content":[{"type":"paragraph","content":[{"type":"text","text":"item 4"}]}]}]}]}]}]},{"type":"listItem","content":[{"type":"paragraph","content":[{"type":"text","text":"item 5"}]}]}]},{"type":"bulletList","content":[{"type":"listItem","content":[{"type":"paragraph","content":[{"type":"text","text":"item 1"}]}]},{"type":"listItem","content":[{"type":"paragraph","content":[{"type":"text","text":"item 2"}]},{"type":"bulletList","content":[{"type":"listItem","content":[{"type":"paragraph","content":[{"type":"text","text":"item 3"}]},{"type":"bulletList","content":[{"type":"listItem","content":[{"type":"paragraph","content":[{"type":"text","text":"item 4"}]}]}]}]}]}]},{"type":"listItem","content":[{"type":"paragraph","content":[{"type":"text","text":"item 5"}]}]}]},{"type":"taskList","content":[{"type":"taskItem","attrs":{"checked":false},"content":[{"type":"paragraph","content":[{"type":"text","text":"item 1"}]}]},{"type":"taskItem","attrs":{"checked":false},"content":[{"type":"paragraph","content":[{"type":"text","text":"item 2"}]},{"type":"taskList","content":[{"type":"taskItem","attrs":{"checked":true},"content":[{"type":"paragraph","content":[{"type":"text","text":"item 3"}]},{"type":"taskList","content":[{"type":"taskItem","attrs":{"checked":false},"content":[{"type":"paragraph","content":[{"type":"text","text":"item 4"}]}]}]}]}]}]},{"type":"taskItem","attrs":{"checked":false},"content":[{"type":"paragraph","content":[{"type":"text","text":"item 5"}]}]}]},{"type":"codeBlock","attrs":{"language":"markdown"},"content":[{"type":"text","text":"1.  item 1\\n2.  item 2\\n    1.  item 3\\n        1.  item 4\\n3.  item 5\\n\\n*   item 1\\n*   item 2\\n    *   item 3\\n        *   item 4\\n*   item 5\\n\\n*   [ ] item 1\\n*   [ ] item 2\\n    *   [x] item 3\\n        *   [ ] item 4\\n*   [ ] item 5"}]},{"type":"paragraph","content":[{"type":"image","attrs":{"src":"https://ixk.me/bg.jpg","alt":"","title":""}},{"type":"audio","attrs":{"src":"https://lab.ixk.me/assets/media/Summer.mp3","title":""}}]},{"type":"paragraph","content":[{"type":"video","attrs":{"src":"https://lab.ixk.me/assets/media/movie.mp4","title":""}}]},{"type":"codeBlock","attrs":{"language":"markdown"},"content":[{"type":"text","text":"![](https://ixk.me/bg.jpg)\\n:audio{src=\\"https://lab.ixk.me/assets/media/Summer.mp3\\"}\\n:video{src=\\"https://lab.ixk.me/assets/media/movie.mp4\\"}"}]},{"type":"blockquote","content":[{"type":"paragraph","content":[{"type":"text","text":"blockquote"}]}]},{"type":"codeBlock","attrs":{"language":"javascript"},"content":[{"type":"text","text":"const this = \\"coeeBlock\\";"}]},{"type":"paragraph","content":[{"type":"mathInline","attrs":{"value":"E = mc^2"}}]},{"type":"mathBlock","content":[{"type":"text","text":"E = mc^2"}]},{"type":"horizontalRule"},{"type":"table","content":[{"type":"tableRow","content":[{"type":"tableHeader","attrs":{"colspan":1,"rowspan":1,"colwidth":null},"content":[{"type":"paragraph","content":[{"type":"text","text":"Header"}]}]},{"type":"tableHeader","attrs":{"colspan":1,"rowspan":1,"colwidth":null},"content":[{"type":"paragraph","content":[{"type":"text","text":"Header"}]}]},{"type":"tableHeader","attrs":{"colspan":1,"rowspan":1,"colwidth":null},"content":[{"type":"paragraph","content":[{"type":"text","text":"Header"}]}]}]},{"type":"tableRow","content":[{"type":"tableCell","attrs":{"colspan":1,"rowspan":1,"colwidth":null},"content":[{"type":"paragraph","content":[{"type":"text","text":"Content"}]}]},{"type":"tableCell","attrs":{"colspan":1,"rowspan":1,"colwidth":null},"content":[{"type":"paragraph","content":[{"type":"text","text":"Content"}]}]},{"type":"tableCell","attrs":{"colspan":1,"rowspan":1,"colwidth":null},"content":[{"type":"paragraph"}]}]},{"type":"tableRow","content":[{"type":"tableCell","attrs":{"colspan":1,"rowspan":1,"colwidth":null},"content":[{"type":"paragraph","content":[{"type":"text","text":"Content"}]}]},{"type":"tableCell","attrs":{"colspan":1,"rowspan":1,"colwidth":null},"content":[{"type":"paragraph"}]},{"type":"tableCell","attrs":{"colspan":1,"rowspan":1,"colwidth":null},"content":[{"type":"paragraph"}]}]}]},{"type":"details","attrs":{"open":"","summary":"summary"},"content":[{"type":"paragraph","content":[{"type":"text","text":"content"}]}]},{"type":"diagram","content":[{"type":"text","text":"graph TD;\\n    A --> B;"}]},{"type":"codeBlock","attrs":{"language":"markdown"},"content":[{"type":"text","text":"> blockquote\\n\\n```javascript\\nconst this = \\"coeeBlock\\";\\n```\\n\\n$E = mc^2$\\n\\n$$\\nE = mc^2\\n$$\\n\\n***\\n\\n| Header  | Header  | Header |\\n| ------- | ------- | ------ |\\n| Content | Content |        |\\n| Content |         |        |\\n\\n:::details{open=\\"true\\" summary=\\"summary\\"}\\ncontent\\n:::\\n\\n:::diagram\\ngraph TD;\\n    A --> B;\\n:::"}]},{"type":"embed","attrs":{"src":"https://ixk.me","title":"My Homepage"}},{"type":"embed","attrs":{"src":"https://gist.github.com/syfxlin/bef0c2f70beee99061f1612968a3e085","title":"Weekly development breakdown"}},{"type":"codeBlock","attrs":{"language":"markdown"},"content":[{"type":"text","text":":embed{src=\\"https://ixk.me\\" title=\\"My Homepage\\"}\\n:embed{src=\\"https://gist.github.com/syfxlin/bef0c2f70beee99061f1612968a3e085\\" title=\\"Weekly development breakdown\\"}\\n// default support airtable, codepen, codesandbox, draw.io, gist, google docs, office"}]}]}', '2021-11-29 00:28:16.793363', 25, '619fc3889d5f264f6f32d3d2', '{"cover":"https://images.pexels.com/photos/10278313/pexels-photo-10278313.jpeg"}', 'tada', 'Hello, Hoshi-Note');
INSERT INTO note_history (id, content, save_time, version, note_id, attributes, icon, name) VALUES ('61a3b6aa18c9feb51acb7e7d', '{"type":"doc","content":[{"type":"paragraph"},{"type":"paragraph"},{"type":"paragraph"},{"type":"paragraph"},{"type":"paragraph"},{"type":"paragraph"},{"type":"paragraph"},{"type":"paragraph"},{"type":"paragraph"}]}', '2021-11-29 01:04:42.591453', 5, '61a3a62518c9feb51acb7e74', null, null, '新页面');
INSERT INTO note_history (id, content, save_time, version, note_id, attributes, icon, name) VALUES ('61a3b71718c9feb51acb7e7e', '{"type":"doc","content":[{"type":"paragraph"},{"type":"paragraph"},{"type":"paragraph"},{"type":"paragraph"},{"type":"paragraph"},{"type":"paragraph"},{"type":"paragraph"},{"type":"paragraph"},{"type":"codeBlock","attrs":{"language":"javascript"},"content":[{"type":"text","text":"public class Main {\\n}"}]}]}', '2021-11-29 01:06:31.256337', 8, '61a3a62518c9feb51acb7e74', null, null, '新页面');
INSERT INTO note_history (id, content, save_time, version, note_id, attributes, icon, name) VALUES ('61a3ba7918c9feb51acb7e7f', '{"type":"doc","content":[{"type":"paragraph"},{"type":"codeBlock","attrs":{"language":"javascript"},"content":[{"type":"text","text":"console.log(\\"代码块\\");"}]},{"type":"paragraph","content":[{"type":"mathInline","attrs":{"value":"E = mc^2"}}]},{"type":"blockquote","content":[{"type":"paragraph","content":[{"type":"text","text":"引用"}]}]},{"type":"table","content":[{"type":"tableRow","content":[{"type":"tableHeader","attrs":{"colspan":1,"rowspan":1,"colwidth":null},"content":[{"type":"paragraph"}]},{"type":"tableHeader","attrs":{"colspan":1,"rowspan":1,"colwidth":null},"content":[{"type":"paragraph"}]},{"type":"tableCell","attrs":{"colspan":1,"rowspan":1,"colwidth":null},"content":[{"type":"paragraph"}]},{"type":"tableCell","attrs":{"colspan":1,"rowspan":1,"colwidth":null},"content":[{"type":"paragraph"}]},{"type":"tableCell","attrs":{"colspan":1,"rowspan":1,"colwidth":null},"content":[{"type":"paragraph"}]},{"type":"tableCell","attrs":{"colspan":1,"rowspan":1,"colwidth":null},"content":[{"type":"paragraph"}]}]}]},{"type":"details","attrs":{"open":false,"summary":"折叠内容"},"content":[{"type":"paragraph","content":[{"type":"text","text":"折叠"}]}]},{"type":"diagram","content":[{"type":"text","text":"graph TD;\\nA--->B"}]}]}', '2021-11-29 01:20:57.671031', 10, '61a3a62518c9feb51acb7e74', null, null, '新页面');
INSERT INTO note_history (id, content, save_time, version, note_id, attributes, icon, name) VALUES ('61a3bab618c9feb51acb7e80', '{"type":"doc","content":[{"type":"paragraph"},{"type":"codeBlock","attrs":{"language":"sh"},"content":[{"type":"text","text":"console.log(\\"代码块\\");"}]},{"type":"paragraph","content":[{"type":"mathInline","attrs":{"value":"E = mc^3"}}]},{"type":"blockquote","content":[{"type":"paragraph","content":[{"type":"text","text":"引用"}]}]},{"type":"table","content":[{"type":"tableRow","content":[{"type":"tableHeader","attrs":{"colspan":1,"rowspan":1,"colwidth":null},"content":[{"type":"paragraph"}]},{"type":"tableHeader","attrs":{"colspan":1,"rowspan":1,"colwidth":null},"content":[{"type":"paragraph"}]},{"type":"tableHeader","attrs":{"colspan":1,"rowspan":1,"colwidth":null},"content":[{"type":"paragraph"}]},{"type":"tableCell","attrs":{"colspan":1,"rowspan":1,"colwidth":null},"content":[{"type":"paragraph"}]},{"type":"tableCell","attrs":{"colspan":1,"rowspan":1,"colwidth":null},"content":[{"type":"paragraph"}]},{"type":"tableCell","attrs":{"colspan":1,"rowspan":1,"colwidth":null},"content":[{"type":"paragraph"}]},{"type":"tableCell","attrs":{"colspan":1,"rowspan":1,"colwidth":null},"content":[{"type":"paragraph"}]}]}]},{"type":"details","attrs":{"open":false,"summary":"折叠内容"},"content":[{"type":"paragraph","content":[{"type":"text","text":"折叠"}]}]},{"type":"diagram","content":[{"type":"text","text":"graph TD;\\nA--->B"}]}]}', '2021-11-29 01:21:58.232514', 11, '61a3a62518c9feb51acb7e74', null, null, '新页面');

INSERT INTO role (name, created_time, description, status) VALUES ('ADMIN', '2021-11-15 15:29:46', 'Admin', true);
INSERT INTO role (name, created_time, description, status) VALUES ('USER', '2021-11-15 15:29:58', 'User', true);

INSERT INTO role_permissions (role_name, permissions) VALUES ('ADMIN', 'USER_MANAGER');
INSERT INTO role_permissions (role_name, permissions) VALUES ('ADMIN', 'ROLE_MANAGER');
INSERT INTO role_permissions (role_name, permissions) VALUES ('USER', 'PEXELS');
INSERT INTO role_permissions (role_name, permissions) VALUES ('USER', 'NOTE');
INSERT INTO role_permissions (role_name, permissions) VALUES ('USER', 'ME');
INSERT INTO role_permissions (role_name, permissions) VALUES ('USER', 'FOLLOW_USER');
INSERT INTO role_permissions (role_name, permissions) VALUES ('USER', 'WORKSPACE');
INSERT INTO role_permissions (role_name, permissions) VALUES ('USER', 'ME_LOGGED_MANAGER');
INSERT INTO role_permissions (role_name, permissions) VALUES ('USER', 'FILE');
INSERT INTO role_permissions (role_name, permissions) VALUES ('USER', 'TOKEN');

INSERT INTO user_info (id, address, avatar, bio, company, status, url) VALUES (1, 'Quanzhou', 'http://localhost:7000/hoshi-file/files/1/829e9d06-46fa-4e6d-aa62-e6093d52687a.png', 'Bio', 'XK-Lab', 'Learing', 'https://ixk.me');
INSERT INTO user_info (id, address, avatar, bio, company, status, url) VALUES (2, null, null, null, null, null, null);

INSERT INTO "user" (id, created_time, email, followers_count, following_count, nickname, password, status, username, user_info) VALUES (1, '2021-11-15 15:37:08', 'i@ixk.me', 0, 1, 'Otstar Lin', '$2a$10$r4ICcs8qpz6wfTrXpvP8BeYKYd.FfNSIdH9DKp2z1KgRlMs29eQ/O', true, 'admin', 1);
INSERT INTO "user" (id, created_time, email, followers_count, following_count, nickname, password, status, username, user_info) VALUES (2, '2021-11-15 15:47:49.127214', 'test@ixk.me', 1, 0, 'test', '$2a$10$OcOtruU1GVUzZn9Lbk/clOWHC6GXrPGf2VQ1rlbqkEl4vFJzWjg9q', true, 'test', 2);

INSERT INTO user_role_relation (user_id, role_name) VALUES (1, 'USER');
INSERT INTO user_role_relation (user_id, role_name) VALUES (1, 'ADMIN');
INSERT INTO user_role_relation (user_id, role_name) VALUES (2, 'USER');

INSERT INTO token (id, name, token, user_id) VALUES (1, 'Test', 'cfb2df33-4e11-4d39-8620-a6c8e8b1d120', 1);
INSERT INTO token (id, name, token, user_id) VALUES (3, 'Test1', '90a1b41d-76bf-4a3a-8cf0-0fa9450520be', 1);

INSERT INTO follow (id, following_id, user_id) VALUES (2, 2, 1);
